,dswx_s1_id,dswx_s1_wtr,dswx_s1_conf
0,OPERA_L3_DSWx-S1_T42QYM_20230417T011016Z_20240508T224035Z_S1A_30_v0.1,https://opera-pst-rs-pop1.s3.us-west-2.amazonaws.com/products/DSWx_S1/OPERA_L3_DSWx-S1_T42QYM_20230417T011016Z_20240508T224035Z_S1A_30_v0.1/OPERA_L3_DSWx-S1_T42QYM_20230417T011016Z_20240508T224035Z_S1A_30_v0.1_B01_WTR.tif,https://opera-pst-rs-pop1.s3.us-west-2.amazonaws.com/products/DSWx_S1/OPERA_L3_DSWx-S1_T42QYM_20230417T011016Z_20240508T224035Z_S1A_30_v0.1/OPERA_L3_DSWx-S1_T42QYM_20230417T011016Z_20240508T224035Z_S1A_30_v0.1_B03_CONF.tif
1,OPERA_L3_DSWx-S1_T42QYM_20240223T011020Z_20240502T143155Z_S1A_30_v0.1,https://opera-pst-rs-pop1.s3.us-west-2.amazonaws.com/products/DSWx_S1/OPERA_L3_DSWx-S1_T42QYM_20240223T011020Z_20240502T143155Z_S1A_30_v0.1/OPERA_L3_DSWx-S1_T42QYM_20240223T011020Z_20240502T143155Z_S1A_30_v0.1_B01_WTR.tif,https://opera-pst-rs-pop1.s3.us-west-2.amazonaws.com/products/DSWx_S1/OPERA_L3_DSWx-S1_T42QYM_20240223T011020Z_20240502T143155Z_S1A_30_v0.1/OPERA_L3_DSWx-S1_T42QYM_20240223T011020Z_20240502T143155Z_S1A_30_v0.1_B03_CONF.tif
2,OPERA_L3_DSWx-S1_T42QYM_20231002T011024Z_20240502T145211Z_S1A_30_v0.1,https://opera-pst-rs-pop1.s3.us-west-2.amazonaws.com/products/DSWx_S1/OPERA_L3_DSWx-S1_T42QYM_20231002T011024Z_20240502T145211Z_S1A_30_v0.1/OPERA_L3_DSWx-S1_T42QYM_20231002T011024Z_20240502T145211Z_S1A_30_v0.1_B01_WTR.tif,https://opera-pst-rs-pop1.s3.us-west-2.amazonaws.com/products/DSWx_S1/OPERA_L3_DSWx-S1_T42QYM_20231002T011024Z_20240502T145211Z_S1A_30_v0.1/OPERA_L3_DSWx-S1_T42QYM_20231002T011024Z_20240502T145211Z_S1A_30_v0.1_B03_CONF.tif
3,OPERA_L3_DSWx-S1_T42QYM_20230827T011023Z_20240502T151502Z_S1A_30_v0.1,https://opera-pst-rs-pop1.s3.us-west-2.amazonaws.com/products/DSWx_S1/OPERA_L3_DSWx-S1_T42QYM_20230827T011023Z_20240502T151502Z_S1A_30_v0.1/OPERA_L3_DSWx-S1_T42QYM_20230827T011023Z_20240502T151502Z_S1A_30_v0.1_B01_WTR.tif,https://opera-pst-rs-pop1.s3.us-west-2.amazonaws.com/products/DSWx_S1/OPERA_L3_DSWx-S1_T42QYM_20230827T011023Z_20240502T151502Z_S1A_30_v0.1/OPERA_L3_DSWx-S1_T42QYM_20230827T011023Z_20240502T151502Z_S1A_30_v0.1_B03_CONF.tif
4,OPERA_L3_DSWx-S1_T42QYM_20230710T011020Z_20240508T235802Z_S1A_30_v0.1,https://opera-pst-rs-pop1.s3.us-west-2.amazonaws.com/products/DSWx_S1/OPERA_L3_DSWx-S1_T42QYM_20230710T011020Z_20240508T235802Z_S1A_30_v0.1/OPERA_L3_DSWx-S1_T42QYM_20230710T011020Z_20240508T235802Z_S1A_30_v0.1_B01_WTR.tif,https://opera-pst-rs-pop1.s3.us-west-2.amazonaws.com/products/DSWx_S1/OPERA_L3_DSWx-S1_T42QYM_20230710T011020Z_20240508T235802Z_S1A_30_v0.1/OPERA_L3_DSWx-S1_T42QYM_20230710T011020Z_20240508T235802Z_S1A_30_v0.1_B03_CONF.tif
5,OPERA_L3_DSWx-S1_T42QYM_20240211T011020Z_20240502T144124Z_S1A_30_v0.1,https://opera-pst-rs-pop1.s3.us-west-2.amazonaws.com/products/DSWx_S1/OPERA_L3_DSWx-S1_T42QYM_20240211T011020Z_20240502T144124Z_S1A_30_v0.1/OPERA_L3_DSWx-S1_T42QYM_20240211T011020Z_20240502T144124Z_S1A_30_v0.1_B01_WTR.tif,https://opera-pst-rs-pop1.s3.us-west-2.amazonaws.com/products/DSWx_S1/OPERA_L3_DSWx-S1_T42QYM_20240211T011020Z_20240502T144124Z_S1A_30_v0.1/OPERA_L3_DSWx-S1_T42QYM_20240211T011020Z_20240502T144124Z_S1A_30_v0.1_B03_CONF.tif
6,OPERA_L3_DSWx-S1_T42QYM_20230908T011023Z_20240508T233035Z_S1A_30_v0.1,https://opera-pst-rs-pop1.s3.us-west-2.amazonaws.com/products/DSWx_S1/OPERA_L3_DSWx-S1_T42QYM_20230908T011023Z_20240508T233035Z_S1A_30_v0.1/OPERA_L3_DSWx-S1_T42QYM_20230908T011023Z_20240508T233035Z_S1A_30_v0.1_B01_WTR.tif,https://opera-pst-rs-pop1.s3.us-west-2.amazonaws.com/products/DSWx_S1/OPERA_L3_DSWx-S1_T42QYM_20230908T011023Z_20240508T233035Z_S1A_30_v0.1/OPERA_L3_DSWx-S1_T42QYM_20230908T011023Z_20240508T233035Z_S1A_30_v0.1_B03_CONF.tif
7,OPERA_L3_DSWx-S1_T42QYM_20230429T011016Z_20240502T151502Z_S1A_30_v0.1,https://opera-pst-rs-pop1.s3.us-west-2.amazonaws.com/products/DSWx_S1/OPERA_L3_DSWx-S1_T42QYM_20230429T011016Z_20240502T151502Z_S1A_30_v0.1/OPERA_L3_DSWx-S1_T42QYM_20230429T011016Z_20240502T151502Z_S1A_30_v0.1_B01_WTR.tif,https://opera-pst-rs-pop1.s3.us-west-2.amazonaws.com/products/DSWx_S1/OPERA_L3_DSWx-S1_T42QYM_20230429T011016Z_20240502T151502Z_S1A_30_v0.1/OPERA_L3_DSWx-S1_T42QYM_20230429T011016Z_20240502T151502Z_S1A_30_v0.1_B03_CONF.tif
8,OPERA_L3_DSWx-S1_T42QYM_20230618T132711Z_20240509T022925Z_S1A_30_v0.1,https://opera-pst-rs-pop1.s3.us-west-2.amazonaws.com/products/DSWx_S1/OPERA_L3_DSWx-S1_T42QYM_20230618T132711Z_20240509T022925Z_S1A_30_v0.1/OPERA_L3_DSWx-S1_T42QYM_20230618T132711Z_20240509T022925Z_S1A_30_v0.1_B01_WTR.tif,https://opera-pst-rs-pop1.s3.us-west-2.amazonaws.com/products/DSWx_S1/OPERA_L3_DSWx-S1_T42QYM_20230618T132711Z_20240509T022925Z_S1A_30_v0.1/OPERA_L3_DSWx-S1_T42QYM_20230618T132711Z_20240509T022925Z_S1A_30_v0.1_B03_CONF.tif
9,OPERA_L3_DSWx-S1_T42QYM_20231213T011023Z_20240502T145358Z_S1A_30_v0.1,https://opera-pst-rs-pop1.s3.us-west-2.amazonaws.com/products/DSWx_S1/OPERA_L3_DSWx-S1_T42QYM_20231213T011023Z_20240502T145358Z_S1A_30_v0.1/OPERA_L3_DSWx-S1_T42QYM_20231213T011023Z_20240502T145358Z_S1A_30_v0.1_B01_WTR.tif,https://opera-pst-rs-pop1.s3.us-west-2.amazonaws.com/products/DSWx_S1/OPERA_L3_DSWx-S1_T42QYM_20231213T011023Z_20240502T145358Z_S1A_30_v0.1/OPERA_L3_DSWx-S1_T42QYM_20231213T011023Z_20240502T145358Z_S1A_30_v0.1_B03_CONF.tif
10,OPERA_L3_DSWx-S1_T42QYM_20230417T011016Z_20240502T151643Z_S1A_30_v0.1,https://opera-pst-rs-pop1.s3.us-west-2.amazonaws.com/products/DSWx_S1/OPERA_L3_DSWx-S1_T42QYM_20230417T011016Z_20240502T151643Z_S1A_30_v0.1/OPERA_L3_DSWx-S1_T42QYM_20230417T011016Z_20240502T151643Z_S1A_30_v0.1_B01_WTR.tif,https://opera-pst-rs-pop1.s3.us-west-2.amazonaws.com/products/DSWx_S1/OPERA_L3_DSWx-S1_T42QYM_20230417T011016Z_20240502T151643Z_S1A_30_v0.1/OPERA_L3_DSWx-S1_T42QYM_20230417T011016Z_20240502T151643Z_S1A_30_v0.1_B03_CONF.tif
11,OPERA_L3_DSWx-S1_T42QYM_20240211T011020Z_20240508T233157Z_S1A_30_v0.1,https://opera-pst-rs-pop1.s3.us-west-2.amazonaws.com/products/DSWx_S1/OPERA_L3_DSWx-S1_T42QYM_20240211T011020Z_20240508T233157Z_S1A_30_v0.1/OPERA_L3_DSWx-S1_T42QYM_20240211T011020Z_20240508T233157Z_S1A_30_v0.1_B01_WTR.tif,https://opera-pst-rs-pop1.s3.us-west-2.amazonaws.com/products/DSWx_S1/OPERA_L3_DSWx-S1_T42QYM_20240211T011020Z_20240508T233157Z_S1A_30_v0.1/OPERA_L3_DSWx-S1_T42QYM_20240211T011020Z_20240508T233157Z_S1A_30_v0.1_B03_CONF.tif
12,OPERA_L3_DSWx-S1_T42QYM_20240330T011020Z_20240502T143210Z_S1A_30_v0.1,https://opera-pst-rs-pop1.s3.us-west-2.amazonaws.com/products/DSWx_S1/OPERA_L3_DSWx-S1_T42QYM_20240330T011020Z_20240502T143210Z_S1A_30_v0.1/OPERA_L3_DSWx-S1_T42QYM_20240330T011020Z_20240502T143210Z_S1A_30_v0.1_B01_WTR.tif,https://opera-pst-rs-pop1.s3.us-west-2.amazonaws.com/products/DSWx_S1/OPERA_L3_DSWx-S1_T42QYM_20240330T011020Z_20240502T143210Z_S1A_30_v0.1/OPERA_L3_DSWx-S1_T42QYM_20240330T011020Z_20240502T143210Z_S1A_30_v0.1_B03_CONF.tif
13,OPERA_L3_DSWx-S1_T42QYM_20230710T011020Z_20240502T151244Z_S1A_30_v0.1,https://opera-pst-rs-pop1.s3.us-west-2.amazonaws.com/products/DSWx_S1/OPERA_L3_DSWx-S1_T42QYM_20230710T011020Z_20240502T151244Z_S1A_30_v0.1/OPERA_L3_DSWx-S1_T42QYM_20230710T011020Z_20240502T151244Z_S1A_30_v0.1_B01_WTR.tif,https://opera-pst-rs-pop1.s3.us-west-2.amazonaws.com/products/DSWx_S1/OPERA_L3_DSWx-S1_T42QYM_20230710T011020Z_20240502T151244Z_S1A_30_v0.1/OPERA_L3_DSWx-S1_T42QYM_20230710T011020Z_20240502T151244Z_S1A_30_v0.1_B03_CONF.tif
14,OPERA_L3_DSWx-S1_T42QYM_20240118T011020Z_20240502T150433Z_S1A_30_v0.1,https://opera-pst-rs-pop1.s3.us-west-2.amazonaws.com/products/DSWx_S1/OPERA_L3_DSWx-S1_T42QYM_20240118T011020Z_20240502T150433Z_S1A_30_v0.1/OPERA_L3_DSWx-S1_T42QYM_20240118T011020Z_20240502T150433Z_S1A_30_v0.1_B01_WTR.tif,https://opera-pst-rs-pop1.s3.us-west-2.amazonaws.com/products/DSWx_S1/OPERA_L3_DSWx-S1_T42QYM_20240118T011020Z_20240502T150433Z_S1A_30_v0.1/OPERA_L3_DSWx-S1_T42QYM_20240118T011020Z_20240502T150433Z_S1A_30_v0.1_B03_CONF.tif
15,OPERA_L3_DSWx-S1_T42QYM_20230908T011023Z_20240502T145657Z_S1A_30_v0.1,https://opera-pst-rs-pop1.s3.us-west-2.amazonaws.com/products/DSWx_S1/OPERA_L3_DSWx-S1_T42QYM_20230908T011023Z_20240502T145657Z_S1A_30_v0.1/OPERA_L3_DSWx-S1_T42QYM_20230908T011023Z_20240502T145657Z_S1A_30_v0.1_B01_WTR.tif,https://opera-pst-rs-pop1.s3.us-west-2.amazonaws.com/products/DSWx_S1/OPERA_L3_DSWx-S1_T42QYM_20230908T011023Z_20240502T145657Z_S1A_30_v0.1/OPERA_L3_DSWx-S1_T42QYM_20230908T011023Z_20240502T145657Z_S1A_30_v0.1_B03_CONF.tif
16,OPERA_L3_DSWx-S1_T42QYM_20240330T011020Z_20240508T224358Z_S1A_30_v0.1,https://opera-pst-rs-pop1.s3.us-west-2.amazonaws.com/products/DSWx_S1/OPERA_L3_DSWx-S1_T42QYM_20240330T011020Z_20240508T224358Z_S1A_30_v0.1/OPERA_L3_DSWx-S1_T42QYM_20240330T011020Z_20240508T224358Z_S1A_30_v0.1_B01_WTR.tif,https://opera-pst-rs-pop1.s3.us-west-2.amazonaws.com/products/DSWx_S1/OPERA_L3_DSWx-S1_T42QYM_20240330T011020Z_20240508T224358Z_S1A_30_v0.1/OPERA_L3_DSWx-S1_T42QYM_20240330T011020Z_20240508T224358Z_S1A_30_v0.1_B03_CONF.tif
17,OPERA_L3_DSWx-S1_T42QYM_20231002T011024Z_20240509T033226Z_S1A_30_v0.1,https://opera-pst-rs-pop1.s3.us-west-2.amazonaws.com/products/DSWx_S1/OPERA_L3_DSWx-S1_T42QYM_20231002T011024Z_20240509T033226Z_S1A_30_v0.1/OPERA_L3_DSWx-S1_T42QYM_20231002T011024Z_20240509T033226Z_S1A_30_v0.1_B01_WTR.tif,https://opera-pst-rs-pop1.s3.us-west-2.amazonaws.com/products/DSWx_S1/OPERA_L3_DSWx-S1_T42QYM_20231002T011024Z_20240509T033226Z_S1A_30_v0.1/OPERA_L3_DSWx-S1_T42QYM_20231002T011024Z_20240509T033226Z_S1A_30_v0.1_B03_CONF.tif
18,OPERA_L3_DSWx-S1_T42QYM_20230604T011018Z_20240502T144251Z_S1A_30_v0.1,https://opera-pst-rs-pop1.s3.us-west-2.amazonaws.com/products/DSWx_S1/OPERA_L3_DSWx-S1_T42QYM_20230604T011018Z_20240502T144251Z_S1A_30_v0.1/OPERA_L3_DSWx-S1_T42QYM_20230604T011018Z_20240502T144251Z_S1A_30_v0.1_B01_WTR.tif,https://opera-pst-rs-pop1.s3.us-west-2.amazonaws.com/products/DSWx_S1/OPERA_L3_DSWx-S1_T42QYM_20230604T011018Z_20240502T144251Z_S1A_30_v0.1/OPERA_L3_DSWx-S1_T42QYM_20230604T011018Z_20240502T144251Z_S1A_30_v0.1_B03_CONF.tif
19,OPERA_L3_DSWx-S1_T42QYM_20231107T011023Z_20240502T142939Z_S1A_30_v0.1,https://opera-pst-rs-pop1.s3.us-west-2.amazonaws.com/products/DSWx_S1/OPERA_L3_DSWx-S1_T42QYM_20231107T011023Z_20240502T142939Z_S1A_30_v0.1/OPERA_L3_DSWx-S1_T42QYM_20231107T011023Z_20240502T142939Z_S1A_30_v0.1_B01_WTR.tif,https://opera-pst-rs-pop1.s3.us-west-2.amazonaws.com/products/DSWx_S1/OPERA_L3_DSWx-S1_T42QYM_20231107T011023Z_20240502T142939Z_S1A_30_v0.1/OPERA_L3_DSWx-S1_T42QYM_20231107T011023Z_20240502T142939Z_S1A_30_v0.1_B03_CONF.tif
20,OPERA_L3_DSWx-S1_T42QYM_20230618T132711Z_20240502T151843Z_S1A_30_v0.1,https://opera-pst-rs-pop1.s3.us-west-2.amazonaws.com/products/DSWx_S1/OPERA_L3_DSWx-S1_T42QYM_20230618T132711Z_20240502T151843Z_S1A_30_v0.1/OPERA_L3_DSWx-S1_T42QYM_20230618T132711Z_20240502T151843Z_S1A_30_v0.1_B01_WTR.tif,https://opera-pst-rs-pop1.s3.us-west-2.amazonaws.com/products/DSWx_S1/OPERA_L3_DSWx-S1_T42QYM_20230618T132711Z_20240502T151843Z_S1A_30_v0.1/OPERA_L3_DSWx-S1_T42QYM_20230618T132711Z_20240502T151843Z_S1A_30_v0.1_B03_CONF.tif
21,OPERA_L3_DSWx-S1_T42QYM_20230827T011023Z_20240508T233352Z_S1A_30_v0.1,https://opera-pst-rs-pop1.s3.us-west-2.amazonaws.com/products/DSWx_S1/OPERA_L3_DSWx-S1_T42QYM_20230827T011023Z_20240508T233352Z_S1A_30_v0.1/OPERA_L3_DSWx-S1_T42QYM_20230827T011023Z_20240508T233352Z_S1A_30_v0.1_B01_WTR.tif,https://opera-pst-rs-pop1.s3.us-west-2.amazonaws.com/products/DSWx_S1/OPERA_L3_DSWx-S1_T42QYM_20230827T011023Z_20240508T233352Z_S1A_30_v0.1/OPERA_L3_DSWx-S1_T42QYM_20230827T011023Z_20240508T233352Z_S1A_30_v0.1_B03_CONF.tif
22,OPERA_L3_DSWx-S1_T42QYM_20230618T132711Z_20240508T234424Z_S1A_30_v0.1,https://opera-pst-rs-pop1.s3.us-west-2.amazonaws.com/products/DSWx_S1/OPERA_L3_DSWx-S1_T42QYM_20230618T132711Z_20240508T234424Z_S1A_30_v0.1/OPERA_L3_DSWx-S1_T42QYM_20230618T132711Z_20240508T234424Z_S1A_30_v0.1_B01_WTR.tif,https://opera-pst-rs-pop1.s3.us-west-2.amazonaws.com/products/DSWx_S1/OPERA_L3_DSWx-S1_T42QYM_20230618T132711Z_20240508T234424Z_S1A_30_v0.1/OPERA_L3_DSWx-S1_T42QYM_20230618T132711Z_20240508T234424Z_S1A_30_v0.1_B03_CONF.tif
23,OPERA_L3_DSWx-S1_T42QYM_20231213T011023Z_20240509T001109Z_S1A_30_v0.1,https://opera-pst-rs-pop1.s3.us-west-2.amazonaws.com/products/DSWx_S1/OPERA_L3_DSWx-S1_T42QYM_20231213T011023Z_20240509T001109Z_S1A_30_v0.1/OPERA_L3_DSWx-S1_T42QYM_20231213T011023Z_20240509T001109Z_S1A_30_v0.1_B01_WTR.tif,https://opera-pst-rs-pop1.s3.us-west-2.amazonaws.com/products/DSWx_S1/OPERA_L3_DSWx-S1_T42QYM_20231213T011023Z_20240509T001109Z_S1A_30_v0.1/OPERA_L3_DSWx-S1_T42QYM_20231213T011023Z_20240509T001109Z_S1A_30_v0.1_B03_CONF.tif
24,OPERA_L3_DSWx-S1_T11SLU_20231004T015903Z_20240502T051322Z_S1A_30_v0.1,https://opera-pst-rs-pop1.s3.us-west-2.amazonaws.com/products/DSWx_S1/OPERA_L3_DSWx-S1_T11SLU_20231004T015903Z_20240502T051322Z_S1A_30_v0.1/OPERA_L3_DSWx-S1_T11SLU_20231004T015903Z_20240502T051322Z_S1A_30_v0.1_B01_WTR.tif,https://opera-pst-rs-pop1.s3.us-west-2.amazonaws.com/products/DSWx_S1/OPERA_L3_DSWx-S1_T11SLU_20231004T015903Z_20240502T051322Z_S1A_30_v0.1/OPERA_L3_DSWx-S1_T11SLU_20231004T015903Z_20240502T051322Z_S1A_30_v0.1_B03_CONF.tif
25,OPERA_L3_DSWx-S1_T11SLU_20230910T015903Z_20240502T051210Z_S1A_30_v0.1,https://opera-pst-rs-pop1.s3.us-west-2.amazonaws.com/products/DSWx_S1/OPERA_L3_DSWx-S1_T11SLU_20230910T015903Z_20240502T051210Z_S1A_30_v0.1/OPERA_L3_DSWx-S1_T11SLU_20230910T015903Z_20240502T051210Z_S1A_30_v0.1_B01_WTR.tif,https://opera-pst-rs-pop1.s3.us-west-2.amazonaws.com/products/DSWx_S1/OPERA_L3_DSWx-S1_T11SLU_20230910T015903Z_20240502T051210Z_S1A_30_v0.1/OPERA_L3_DSWx-S1_T11SLU_20230910T015903Z_20240502T051210Z_S1A_30_v0.1_B03_CONF.tif
26,OPERA_L3_DSWx-S1_T11SLU_20230508T135235Z_20240508T235829Z_S1A_30_v0.1,https://opera-pst-rs-pop1.s3.us-west-2.amazonaws.com/products/DSWx_S1/OPERA_L3_DSWx-S1_T11SLU_20230508T135235Z_20240508T235829Z_S1A_30_v0.1/OPERA_L3_DSWx-S1_T11SLU_20230508T135235Z_20240508T235829Z_S1A_30_v0.1_B01_WTR.tif,https://opera-pst-rs-pop1.s3.us-west-2.amazonaws.com/products/DSWx_S1/OPERA_L3_DSWx-S1_T11SLU_20230508T135235Z_20240508T235829Z_S1A_30_v0.1/OPERA_L3_DSWx-S1_T11SLU_20230508T135235Z_20240508T235829Z_S1A_30_v0.1_B03_CONF.tif
27,OPERA_L3_DSWx-S1_T11SLU_20231109T140052Z_20240502T044533Z_S1A_30_v0.1,https://opera-pst-rs-pop1.s3.us-west-2.amazonaws.com/products/DSWx_S1/OPERA_L3_DSWx-S1_T11SLU_20231109T140052Z_20240502T044533Z_S1A_30_v0.1/OPERA_L3_DSWx-S1_T11SLU_20231109T140052Z_20240502T044533Z_S1A_30_v0.1_B01_WTR.tif,https://opera-pst-rs-pop1.s3.us-west-2.amazonaws.com/products/DSWx_S1/OPERA_L3_DSWx-S1_T11SLU_20231109T140052Z_20240502T044533Z_S1A_30_v0.1/OPERA_L3_DSWx-S1_T11SLU_20231109T140052Z_20240502T044533Z_S1A_30_v0.1_B03_CONF.tif
28,OPERA_L3_DSWx-S1_T11SLU_20231104T015053Z_20240509T175253Z_S1A_30_v0.1,https://opera-pst-rs-pop1.s3.us-west-2.amazonaws.com/products/DSWx_S1/OPERA_L3_DSWx-S1_T11SLU_20231104T015053Z_20240509T175253Z_S1A_30_v0.1/OPERA_L3_DSWx-S1_T11SLU_20231104T015053Z_20240509T175253Z_S1A_30_v0.1_B01_WTR.tif,https://opera-pst-rs-pop1.s3.us-west-2.amazonaws.com/products/DSWx_S1/OPERA_L3_DSWx-S1_T11SLU_20231104T015053Z_20240509T175253Z_S1A_30_v0.1/OPERA_L3_DSWx-S1_T11SLU_20231104T015053Z_20240509T175253Z_S1A_30_v0.1_B03_CONF.tif
29,OPERA_L3_DSWx-S1_T11SLU_20230812T015051Z_20240508T222706Z_S1A_30_v0.1,https://opera-pst-rs-pop1.s3.us-west-2.amazonaws.com/products/DSWx_S1/OPERA_L3_DSWx-S1_T11SLU_20230812T015051Z_20240508T222706Z_S1A_30_v0.1/OPERA_L3_DSWx-S1_T11SLU_20230812T015051Z_20240508T222706Z_S1A_30_v0.1_B01_WTR.tif,https://opera-pst-rs-pop1.s3.us-west-2.amazonaws.com/products/DSWx_S1/OPERA_L3_DSWx-S1_T11SLU_20230812T015051Z_20240508T222706Z_S1A_30_v0.1/OPERA_L3_DSWx-S1_T11SLU_20230812T015051Z_20240508T222706Z_S1A_30_v0.1_B03_CONF.tif
30,OPERA_L3_DSWx-S1_T11SLU_20231109T015903Z_20240508T235156Z_S1A_30_v0.1,https://opera-pst-rs-pop1.s3.us-west-2.amazonaws.com/products/DSWx_S1/OPERA_L3_DSWx-S1_T11SLU_20231109T015903Z_20240508T235156Z_S1A_30_v0.1/OPERA_L3_DSWx-S1_T11SLU_20231109T015903Z_20240508T235156Z_S1A_30_v0.1_B01_WTR.tif,https://opera-pst-rs-pop1.s3.us-west-2.amazonaws.com/products/DSWx_S1/OPERA_L3_DSWx-S1_T11SLU_20231109T015903Z_20240508T235156Z_S1A_30_v0.1/OPERA_L3_DSWx-S1_T11SLU_20231109T015903Z_20240508T235156Z_S1A_30_v0.1_B03_CONF.tif
31,OPERA_L3_DSWx-S1_T11SLU_20230812T135240Z_20240508T215741Z_S1A_30_v0.1,https://opera-pst-rs-pop1.s3.us-west-2.amazonaws.com/products/DSWx_S1/OPERA_L3_DSWx-S1_T11SLU_20230812T135240Z_20240508T215741Z_S1A_30_v0.1/OPERA_L3_DSWx-S1_T11SLU_20230812T135240Z_20240508T215741Z_S1A_30_v0.1_B01_WTR.tif,https://opera-pst-rs-pop1.s3.us-west-2.amazonaws.com/products/DSWx_S1/OPERA_L3_DSWx-S1_T11SLU_20230812T135240Z_20240508T215741Z_S1A_30_v0.1/OPERA_L3_DSWx-S1_T11SLU_20230812T135240Z_20240508T215741Z_S1A_30_v0.1_B03_CONF.tif
32,OPERA_L3_DSWx-S1_T11SLU_20240208T135238Z_20240502T054858Z_S1A_30_v0.1,https://opera-pst-rs-pop1.s3.us-west-2.amazonaws.com/products/DSWx_S1/OPERA_L3_DSWx-S1_T11SLU_20240208T135238Z_20240502T054858Z_S1A_30_v0.1/OPERA_L3_DSWx-S1_T11SLU_20240208T135238Z_20240502T054858Z_S1A_30_v0.1_B01_WTR.tif,https://opera-pst-rs-pop1.s3.us-west-2.amazonaws.com/products/DSWx_S1/OPERA_L3_DSWx-S1_T11SLU_20240208T135238Z_20240502T054858Z_S1A_30_v0.1/OPERA_L3_DSWx-S1_T11SLU_20240208T135238Z_20240502T054858Z_S1A_30_v0.1_B03_CONF.tif
33,OPERA_L3_DSWx-S1_T11SLU_20230508T015046Z_20240508T232658Z_S1A_30_v0.1,https://opera-pst-rs-pop1.s3.us-west-2.amazonaws.com/products/DSWx_S1/OPERA_L3_DSWx-S1_T11SLU_20230508T015046Z_20240508T232658Z_S1A_30_v0.1/OPERA_L3_DSWx-S1_T11SLU_20230508T015046Z_20240508T232658Z_S1A_30_v0.1_B01_WTR.tif,https://opera-pst-rs-pop1.s3.us-west-2.amazonaws.com/products/DSWx_S1/OPERA_L3_DSWx-S1_T11SLU_20230508T015046Z_20240508T232658Z_S1A_30_v0.1/OPERA_L3_DSWx-S1_T11SLU_20230508T015046Z_20240508T232658Z_S1A_30_v0.1_B03_CONF.tif
34,OPERA_L3_DSWx-S1_T11SLU_20240103T015051Z_20240509T000130Z_S1A_30_v0.1,https://opera-pst-rs-pop1.s3.us-west-2.amazonaws.com/products/DSWx_S1/OPERA_L3_DSWx-S1_T11SLU_20240103T015051Z_20240509T000130Z_S1A_30_v0.1/OPERA_L3_DSWx-S1_T11SLU_20240103T015051Z_20240509T000130Z_S1A_30_v0.1_B01_WTR.tif,https://opera-pst-rs-pop1.s3.us-west-2.amazonaws.com/products/DSWx_S1/OPERA_L3_DSWx-S1_T11SLU_20240103T015051Z_20240509T000130Z_S1A_30_v0.1/OPERA_L3_DSWx-S1_T11SLU_20240103T015051Z_20240509T000130Z_S1A_30_v0.1_B03_CONF.tif
35,OPERA_L3_DSWx-S1_T11SLU_20240208T135238Z_20240509T000637Z_S1A_30_v0.1,https://opera-pst-rs-pop1.s3.us-west-2.amazonaws.com/products/DSWx_S1/OPERA_L3_DSWx-S1_T11SLU_20240208T135238Z_20240509T000637Z_S1A_30_v0.1/OPERA_L3_DSWx-S1_T11SLU_20240208T135238Z_20240509T000637Z_S1A_30_v0.1_B01_WTR.tif,https://opera-pst-rs-pop1.s3.us-west-2.amazonaws.com/products/DSWx_S1/OPERA_L3_DSWx-S1_T11SLU_20240208T135238Z_20240509T000637Z_S1A_30_v0.1/OPERA_L3_DSWx-S1_T11SLU_20240208T135238Z_20240509T000637Z_S1A_30_v0.1_B03_CONF.tif
36,OPERA_L3_DSWx-S1_T11SLU_20230508T135235Z_20240502T053408Z_S1A_30_v0.1,https://opera-pst-rs-pop1.s3.us-west-2.amazonaws.com/products/DSWx_S1/OPERA_L3_DSWx-S1_T11SLU_20230508T135235Z_20240502T053408Z_S1A_30_v0.1/OPERA_L3_DSWx-S1_T11SLU_20230508T135235Z_20240502T053408Z_S1A_30_v0.1_B01_WTR.tif,https://opera-pst-rs-pop1.s3.us-west-2.amazonaws.com/products/DSWx_S1/OPERA_L3_DSWx-S1_T11SLU_20230508T135235Z_20240502T053408Z_S1A_30_v0.1/OPERA_L3_DSWx-S1_T11SLU_20230508T135235Z_20240502T053408Z_S1A_30_v0.1_B03_CONF.tif
37,OPERA_L3_DSWx-S1_T11SLU_20230905T015054Z_20240502T055024Z_S1A_30_v0.1,https://opera-pst-rs-pop1.s3.us-west-2.amazonaws.com/products/DSWx_S1/OPERA_L3_DSWx-S1_T11SLU_20230905T015054Z_20240502T055024Z_S1A_30_v0.1/OPERA_L3_DSWx-S1_T11SLU_20230905T015054Z_20240502T055024Z_S1A_30_v0.1_B01_WTR.tif,https://opera-pst-rs-pop1.s3.us-west-2.amazonaws.com/products/DSWx_S1/OPERA_L3_DSWx-S1_T11SLU_20230905T015054Z_20240502T055024Z_S1A_30_v0.1/OPERA_L3_DSWx-S1_T11SLU_20230905T015054Z_20240502T055024Z_S1A_30_v0.1_B03_CONF.tif
38,OPERA_L3_DSWx-S1_T11SLU_20231104T015053Z_20240502T055713Z_S1A_30_v0.1,https://opera-pst-rs-pop1.s3.us-west-2.amazonaws.com/products/DSWx_S1/OPERA_L3_DSWx-S1_T11SLU_20231104T015053Z_20240502T055713Z_S1A_30_v0.1/OPERA_L3_DSWx-S1_T11SLU_20231104T015053Z_20240502T055713Z_S1A_30_v0.1_B01_WTR.tif,https://opera-pst-rs-pop1.s3.us-west-2.amazonaws.com/products/DSWx_S1/OPERA_L3_DSWx-S1_T11SLU_20231104T015053Z_20240502T055713Z_S1A_30_v0.1/OPERA_L3_DSWx-S1_T11SLU_20231104T015053Z_20240502T055713Z_S1A_30_v0.1_B03_CONF.tif
39,OPERA_L3_DSWx-S1_T11SLU_20231222T135240Z_20240502T054147Z_S1A_30_v0.1,https://opera-pst-rs-pop1.s3.us-west-2.amazonaws.com/products/DSWx_S1/OPERA_L3_DSWx-S1_T11SLU_20231222T135240Z_20240502T054147Z_S1A_30_v0.1/OPERA_L3_DSWx-S1_T11SLU_20231222T135240Z_20240502T054147Z_S1A_30_v0.1_B01_WTR.tif,https://opera-pst-rs-pop1.s3.us-west-2.amazonaws.com/products/DSWx_S1/OPERA_L3_DSWx-S1_T11SLU_20231222T135240Z_20240502T054147Z_S1A_30_v0.1/OPERA_L3_DSWx-S1_T11SLU_20231222T135240Z_20240502T054147Z_S1A_30_v0.1_B03_CONF.tif
40,OPERA_L3_DSWx-S1_T11SLU_20230812T015051Z_20240502T055038Z_S1A_30_v0.1,https://opera-pst-rs-pop1.s3.us-west-2.amazonaws.com/products/DSWx_S1/OPERA_L3_DSWx-S1_T11SLU_20230812T015051Z_20240502T055038Z_S1A_30_v0.1/OPERA_L3_DSWx-S1_T11SLU_20230812T015051Z_20240502T055038Z_S1A_30_v0.1_B01_WTR.tif,https://opera-pst-rs-pop1.s3.us-west-2.amazonaws.com/products/DSWx_S1/OPERA_L3_DSWx-S1_T11SLU_20230812T015051Z_20240502T055038Z_S1A_30_v0.1/OPERA_L3_DSWx-S1_T11SLU_20230812T015051Z_20240502T055038Z_S1A_30_v0.1_B03_CONF.tif
41,OPERA_L3_DSWx-S1_T11SLU_20230817T140051Z_20240502T044610Z_S1A_30_v0.1,https://opera-pst-rs-pop1.s3.us-west-2.amazonaws.com/products/DSWx_S1/OPERA_L3_DSWx-S1_T11SLU_20230817T140051Z_20240502T044610Z_S1A_30_v0.1/OPERA_L3_DSWx-S1_T11SLU_20230817T140051Z_20240502T044610Z_S1A_30_v0.1_B01_WTR.tif,https://opera-pst-rs-pop1.s3.us-west-2.amazonaws.com/products/DSWx_S1/OPERA_L3_DSWx-S1_T11SLU_20230817T140051Z_20240502T044610Z_S1A_30_v0.1/OPERA_L3_DSWx-S1_T11SLU_20230817T140051Z_20240502T044610Z_S1A_30_v0.1_B03_CONF.tif
42,OPERA_L3_DSWx-S1_T11SLU_20231004T140053Z_20240502T044633Z_S1A_30_v0.1,https://opera-pst-rs-pop1.s3.us-west-2.amazonaws.com/products/DSWx_S1/OPERA_L3_DSWx-S1_T11SLU_20231004T140053Z_20240502T044633Z_S1A_30_v0.1/OPERA_L3_DSWx-S1_T11SLU_20231004T140053Z_20240502T044633Z_S1A_30_v0.1_B01_WTR.tif,https://opera-pst-rs-pop1.s3.us-west-2.amazonaws.com/products/DSWx_S1/OPERA_L3_DSWx-S1_T11SLU_20231004T140053Z_20240502T044633Z_S1A_30_v0.1/OPERA_L3_DSWx-S1_T11SLU_20231004T140053Z_20240502T044633Z_S1A_30_v0.1_B03_CONF.tif
43,OPERA_L3_DSWx-S1_T11SLU_20240103T135239Z_20240502T053516Z_S1A_30_v0.1,https://opera-pst-rs-pop1.s3.us-west-2.amazonaws.com/products/DSWx_S1/OPERA_L3_DSWx-S1_T11SLU_20240103T135239Z_20240502T053516Z_S1A_30_v0.1/OPERA_L3_DSWx-S1_T11SLU_20240103T135239Z_20240502T053516Z_S1A_30_v0.1_B01_WTR.tif,https://opera-pst-rs-pop1.s3.us-west-2.amazonaws.com/products/DSWx_S1/OPERA_L3_DSWx-S1_T11SLU_20240103T135239Z_20240502T053516Z_S1A_30_v0.1/OPERA_L3_DSWx-S1_T11SLU_20240103T135239Z_20240502T053516Z_S1A_30_v0.1_B03_CONF.tif
44,OPERA_L3_DSWx-S1_T11SLU_20231109T015903Z_20240502T051534Z_S1A_30_v0.1,https://opera-pst-rs-pop1.s3.us-west-2.amazonaws.com/products/DSWx_S1/OPERA_L3_DSWx-S1_T11SLU_20231109T015903Z_20240502T051534Z_S1A_30_v0.1/OPERA_L3_DSWx-S1_T11SLU_20231109T015903Z_20240502T051534Z_S1A_30_v0.1_B01_WTR.tif,https://opera-pst-rs-pop1.s3.us-west-2.amazonaws.com/products/DSWx_S1/OPERA_L3_DSWx-S1_T11SLU_20231109T015903Z_20240502T051534Z_S1A_30_v0.1/OPERA_L3_DSWx-S1_T11SLU_20231109T015903Z_20240502T051534Z_S1A_30_v0.1_B03_CONF.tif
45,OPERA_L3_DSWx-S1_T11SLU_20230817T015902Z_20240502T051142Z_S1A_30_v0.1,https://opera-pst-rs-pop1.s3.us-west-2.amazonaws.com/products/DSWx_S1/OPERA_L3_DSWx-S1_T11SLU_20230817T015902Z_20240502T051142Z_S1A_30_v0.1/OPERA_L3_DSWx-S1_T11SLU_20230817T015902Z_20240502T051142Z_S1A_30_v0.1_B01_WTR.tif,https://opera-pst-rs-pop1.s3.us-west-2.amazonaws.com/products/DSWx_S1/OPERA_L3_DSWx-S1_T11SLU_20230817T015902Z_20240502T051142Z_S1A_30_v0.1/OPERA_L3_DSWx-S1_T11SLU_20230817T015902Z_20240502T051142Z_S1A_30_v0.1_B03_CONF.tif
46,OPERA_L3_DSWx-S1_T11SLU_20240103T015051Z_20240502T055510Z_S1A_30_v0.1,https://opera-pst-rs-pop1.s3.us-west-2.amazonaws.com/products/DSWx_S1/OPERA_L3_DSWx-S1_T11SLU_20240103T015051Z_20240502T055510Z_S1A_30_v0.1/OPERA_L3_DSWx-S1_T11SLU_20240103T015051Z_20240502T055510Z_S1A_30_v0.1_B01_WTR.tif,https://opera-pst-rs-pop1.s3.us-west-2.amazonaws.com/products/DSWx_S1/OPERA_L3_DSWx-S1_T11SLU_20240103T015051Z_20240502T055510Z_S1A_30_v0.1/OPERA_L3_DSWx-S1_T11SLU_20240103T015051Z_20240502T055510Z_S1A_30_v0.1_B03_CONF.tif
47,OPERA_L3_DSWx-S1_T11SLU_20231004T140053Z_20240508T224641Z_S1A_30_v0.1,https://opera-pst-rs-pop1.s3.us-west-2.amazonaws.com/products/DSWx_S1/OPERA_L3_DSWx-S1_T11SLU_20231004T140053Z_20240508T224641Z_S1A_30_v0.1/OPERA_L3_DSWx-S1_T11SLU_20231004T140053Z_20240508T224641Z_S1A_30_v0.1_B01_WTR.tif,https://opera-pst-rs-pop1.s3.us-west-2.amazonaws.com/products/DSWx_S1/OPERA_L3_DSWx-S1_T11SLU_20231004T140053Z_20240508T224641Z_S1A_30_v0.1/OPERA_L3_DSWx-S1_T11SLU_20231004T140053Z_20240508T224641Z_S1A_30_v0.1_B03_CONF.tif
48,OPERA_L3_DSWx-S1_T11SLU_20231109T140052Z_20240508T224557Z_S1A_30_v0.1,https://opera-pst-rs-pop1.s3.us-west-2.amazonaws.com/products/DSWx_S1/OPERA_L3_DSWx-S1_T11SLU_20231109T140052Z_20240508T224557Z_S1A_30_v0.1/OPERA_L3_DSWx-S1_T11SLU_20231109T140052Z_20240508T224557Z_S1A_30_v0.1_B01_WTR.tif,https://opera-pst-rs-pop1.s3.us-west-2.amazonaws.com/products/DSWx_S1/OPERA_L3_DSWx-S1_T11SLU_20231109T140052Z_20240508T224557Z_S1A_30_v0.1/OPERA_L3_DSWx-S1_T11SLU_20231109T140052Z_20240508T224557Z_S1A_30_v0.1_B03_CONF.tif
49,OPERA_L3_DSWx-S1_T11SLU_20231104T135242Z_20240508T232316Z_S1A_30_v0.1,https://opera-pst-rs-pop1.s3.us-west-2.amazonaws.com/products/DSWx_S1/OPERA_L3_DSWx-S1_T11SLU_20231104T135242Z_20240508T232316Z_S1A_30_v0.1/OPERA_L3_DSWx-S1_T11SLU_20231104T135242Z_20240508T232316Z_S1A_30_v0.1_B01_WTR.tif,https://opera-pst-rs-pop1.s3.us-west-2.amazonaws.com/products/DSWx_S1/OPERA_L3_DSWx-S1_T11SLU_20231104T135242Z_20240508T232316Z_S1A_30_v0.1/OPERA_L3_DSWx-S1_T11SLU_20231104T135242Z_20240508T232316Z_S1A_30_v0.1_B03_CONF.tif
50,OPERA_L3_DSWx-S1_T11SLU_20230910T140053Z_20240508T232728Z_S1A_30_v0.1,https://opera-pst-rs-pop1.s3.us-west-2.amazonaws.com/products/DSWx_S1/OPERA_L3_DSWx-S1_T11SLU_20230910T140053Z_20240508T232728Z_S1A_30_v0.1/OPERA_L3_DSWx-S1_T11SLU_20230910T140053Z_20240508T232728Z_S1A_30_v0.1_B01_WTR.tif,https://opera-pst-rs-pop1.s3.us-west-2.amazonaws.com/products/DSWx_S1/OPERA_L3_DSWx-S1_T11SLU_20230910T140053Z_20240508T232728Z_S1A_30_v0.1/OPERA_L3_DSWx-S1_T11SLU_20230910T140053Z_20240508T232728Z_S1A_30_v0.1_B03_CONF.tif
51,OPERA_L3_DSWx-S1_T11SLU_20240208T015049Z_20240508T234728Z_S1A_30_v0.1,https://opera-pst-rs-pop1.s3.us-west-2.amazonaws.com/products/DSWx_S1/OPERA_L3_DSWx-S1_T11SLU_20240208T015049Z_20240508T234728Z_S1A_30_v0.1/OPERA_L3_DSWx-S1_T11SLU_20240208T015049Z_20240508T234728Z_S1A_30_v0.1_B01_WTR.tif,https://opera-pst-rs-pop1.s3.us-west-2.amazonaws.com/products/DSWx_S1/OPERA_L3_DSWx-S1_T11SLU_20240208T015049Z_20240508T234728Z_S1A_30_v0.1/OPERA_L3_DSWx-S1_T11SLU_20240208T015049Z_20240508T234728Z_S1A_30_v0.1_B03_CONF.tif
52,OPERA_L3_DSWx-S1_T11SLU_20240103T135239Z_20240508T235838Z_S1A_30_v0.1,https://opera-pst-rs-pop1.s3.us-west-2.amazonaws.com/products/DSWx_S1/OPERA_L3_DSWx-S1_T11SLU_20240103T135239Z_20240508T235838Z_S1A_30_v0.1/OPERA_L3_DSWx-S1_T11SLU_20240103T135239Z_20240508T235838Z_S1A_30_v0.1_B01_WTR.tif,https://opera-pst-rs-pop1.s3.us-west-2.amazonaws.com/products/DSWx_S1/OPERA_L3_DSWx-S1_T11SLU_20240103T135239Z_20240508T235838Z_S1A_30_v0.1/OPERA_L3_DSWx-S1_T11SLU_20240103T135239Z_20240508T235838Z_S1A_30_v0.1_B03_CONF.tif
53,OPERA_L3_DSWx-S1_T11SLU_20230905T135242Z_20240502T052753Z_S1A_30_v0.1,https://opera-pst-rs-pop1.s3.us-west-2.amazonaws.com/products/DSWx_S1/OPERA_L3_DSWx-S1_T11SLU_20230905T135242Z_20240502T052753Z_S1A_30_v0.1/OPERA_L3_DSWx-S1_T11SLU_20230905T135242Z_20240502T052753Z_S1A_30_v0.1_B01_WTR.tif,https://opera-pst-rs-pop1.s3.us-west-2.amazonaws.com/products/DSWx_S1/OPERA_L3_DSWx-S1_T11SLU_20230905T135242Z_20240502T052753Z_S1A_30_v0.1/OPERA_L3_DSWx-S1_T11SLU_20230905T135242Z_20240502T052753Z_S1A_30_v0.1_B03_CONF.tif
54,OPERA_L3_DSWx-S1_T11SLU_20230508T015046Z_20240502T055234Z_S1A_30_v0.1,https://opera-pst-rs-pop1.s3.us-west-2.amazonaws.com/products/DSWx_S1/OPERA_L3_DSWx-S1_T11SLU_20230508T015046Z_20240502T055234Z_S1A_30_v0.1/OPERA_L3_DSWx-S1_T11SLU_20230508T015046Z_20240502T055234Z_S1A_30_v0.1_B01_WTR.tif,https://opera-pst-rs-pop1.s3.us-west-2.amazonaws.com/products/DSWx_S1/OPERA_L3_DSWx-S1_T11SLU_20230508T015046Z_20240502T055234Z_S1A_30_v0.1/OPERA_L3_DSWx-S1_T11SLU_20230508T015046Z_20240502T055234Z_S1A_30_v0.1_B03_CONF.tif
55,OPERA_L3_DSWx-S1_T11SLU_20230812T135240Z_20240502T054737Z_S1A_30_v0.1,https://opera-pst-rs-pop1.s3.us-west-2.amazonaws.com/products/DSWx_S1/OPERA_L3_DSWx-S1_T11SLU_20230812T135240Z_20240502T054737Z_S1A_30_v0.1/OPERA_L3_DSWx-S1_T11SLU_20230812T135240Z_20240502T054737Z_S1A_30_v0.1_B01_WTR.tif,https://opera-pst-rs-pop1.s3.us-west-2.amazonaws.com/products/DSWx_S1/OPERA_L3_DSWx-S1_T11SLU_20230812T135240Z_20240502T054737Z_S1A_30_v0.1/OPERA_L3_DSWx-S1_T11SLU_20230812T135240Z_20240502T054737Z_S1A_30_v0.1_B03_CONF.tif
56,OPERA_L3_DSWx-S1_T11SLU_20230905T015054Z_20240502T053646Z_S1A_30_v0.1,https://opera-pst-rs-pop1.s3.us-west-2.amazonaws.com/products/DSWx_S1/OPERA_L3_DSWx-S1_T11SLU_20230905T015054Z_20240502T053646Z_S1A_30_v0.1/OPERA_L3_DSWx-S1_T11SLU_20230905T015054Z_20240502T053646Z_S1A_30_v0.1_B01_WTR.tif,https://opera-pst-rs-pop1.s3.us-west-2.amazonaws.com/products/DSWx_S1/OPERA_L3_DSWx-S1_T11SLU_20230905T015054Z_20240502T053646Z_S1A_30_v0.1/OPERA_L3_DSWx-S1_T11SLU_20230905T015054Z_20240502T053646Z_S1A_30_v0.1_B03_CONF.tif
57,OPERA_L3_DSWx-S1_T11SLU_20230905T015054Z_20240508T222847Z_S1A_30_v0.1,https://opera-pst-rs-pop1.s3.us-west-2.amazonaws.com/products/DSWx_S1/OPERA_L3_DSWx-S1_T11SLU_20230905T015054Z_20240508T222847Z_S1A_30_v0.1/OPERA_L3_DSWx-S1_T11SLU_20230905T015054Z_20240508T222847Z_S1A_30_v0.1_B01_WTR.tif,https://opera-pst-rs-pop1.s3.us-west-2.amazonaws.com/products/DSWx_S1/OPERA_L3_DSWx-S1_T11SLU_20230905T015054Z_20240508T222847Z_S1A_30_v0.1/OPERA_L3_DSWx-S1_T11SLU_20230905T015054Z_20240508T222847Z_S1A_30_v0.1_B03_CONF.tif
58,OPERA_L3_DSWx-S1_T11SLU_20231004T015903Z_20240508T230810Z_S1A_30_v0.1,https://opera-pst-rs-pop1.s3.us-west-2.amazonaws.com/products/DSWx_S1/OPERA_L3_DSWx-S1_T11SLU_20231004T015903Z_20240508T230810Z_S1A_30_v0.1/OPERA_L3_DSWx-S1_T11SLU_20231004T015903Z_20240508T230810Z_S1A_30_v0.1_B01_WTR.tif,https://opera-pst-rs-pop1.s3.us-west-2.amazonaws.com/products/DSWx_S1/OPERA_L3_DSWx-S1_T11SLU_20231004T015903Z_20240508T230810Z_S1A_30_v0.1/OPERA_L3_DSWx-S1_T11SLU_20231004T015903Z_20240508T230810Z_S1A_30_v0.1_B03_CONF.tif
59,OPERA_L3_DSWx-S1_T11SLU_20230817T140051Z_20240508T232708Z_S1A_30_v0.1,https://opera-pst-rs-pop1.s3.us-west-2.amazonaws.com/products/DSWx_S1/OPERA_L3_DSWx-S1_T11SLU_20230817T140051Z_20240508T232708Z_S1A_30_v0.1/OPERA_L3_DSWx-S1_T11SLU_20230817T140051Z_20240508T232708Z_S1A_30_v0.1_B01_WTR.tif,https://opera-pst-rs-pop1.s3.us-west-2.amazonaws.com/products/DSWx_S1/OPERA_L3_DSWx-S1_T11SLU_20230817T140051Z_20240508T232708Z_S1A_30_v0.1/OPERA_L3_DSWx-S1_T11SLU_20230817T140051Z_20240508T232708Z_S1A_30_v0.1_B03_CONF.tif
60,OPERA_L3_DSWx-S1_T11SLU_20231222T135240Z_20240508T234523Z_S1A_30_v0.1,https://opera-pst-rs-pop1.s3.us-west-2.amazonaws.com/products/DSWx_S1/OPERA_L3_DSWx-S1_T11SLU_20231222T135240Z_20240508T234523Z_S1A_30_v0.1/OPERA_L3_DSWx-S1_T11SLU_20231222T135240Z_20240508T234523Z_S1A_30_v0.1_B01_WTR.tif,https://opera-pst-rs-pop1.s3.us-west-2.amazonaws.com/products/DSWx_S1/OPERA_L3_DSWx-S1_T11SLU_20231222T135240Z_20240508T234523Z_S1A_30_v0.1/OPERA_L3_DSWx-S1_T11SLU_20231222T135240Z_20240508T234523Z_S1A_30_v0.1_B03_CONF.tif
61,OPERA_L3_DSWx-S1_T11SLU_20230817T015902Z_20240508T234826Z_S1A_30_v0.1,https://opera-pst-rs-pop1.s3.us-west-2.amazonaws.com/products/DSWx_S1/OPERA_L3_DSWx-S1_T11SLU_20230817T015902Z_20240508T234826Z_S1A_30_v0.1/OPERA_L3_DSWx-S1_T11SLU_20230817T015902Z_20240508T234826Z_S1A_30_v0.1_B01_WTR.tif,https://opera-pst-rs-pop1.s3.us-west-2.amazonaws.com/products/DSWx_S1/OPERA_L3_DSWx-S1_T11SLU_20230817T015902Z_20240508T234826Z_S1A_30_v0.1/OPERA_L3_DSWx-S1_T11SLU_20230817T015902Z_20240508T234826Z_S1A_30_v0.1_B03_CONF.tif
62,OPERA_L3_DSWx-S1_T11SLU_20230910T140053Z_20240502T044744Z_S1A_30_v0.1,https://opera-pst-rs-pop1.s3.us-west-2.amazonaws.com/products/DSWx_S1/OPERA_L3_DSWx-S1_T11SLU_20230910T140053Z_20240502T044744Z_S1A_30_v0.1/OPERA_L3_DSWx-S1_T11SLU_20230910T140053Z_20240502T044744Z_S1A_30_v0.1_B01_WTR.tif,https://opera-pst-rs-pop1.s3.us-west-2.amazonaws.com/products/DSWx_S1/OPERA_L3_DSWx-S1_T11SLU_20230910T140053Z_20240502T044744Z_S1A_30_v0.1/OPERA_L3_DSWx-S1_T11SLU_20230910T140053Z_20240502T044744Z_S1A_30_v0.1_B03_CONF.tif
63,OPERA_L3_DSWx-S1_T11SLU_20231104T135242Z_20240502T054000Z_S1A_30_v0.1,https://opera-pst-rs-pop1.s3.us-west-2.amazonaws.com/products/DSWx_S1/OPERA_L3_DSWx-S1_T11SLU_20231104T135242Z_20240502T054000Z_S1A_30_v0.1/OPERA_L3_DSWx-S1_T11SLU_20231104T135242Z_20240502T054000Z_S1A_30_v0.1_B01_WTR.tif,https://opera-pst-rs-pop1.s3.us-west-2.amazonaws.com/products/DSWx_S1/OPERA_L3_DSWx-S1_T11SLU_20231104T135242Z_20240502T054000Z_S1A_30_v0.1/OPERA_L3_DSWx-S1_T11SLU_20231104T135242Z_20240502T054000Z_S1A_30_v0.1_B03_CONF.tif
64,OPERA_L3_DSWx-S1_T11SLU_20231222T015051Z_20240502T055039Z_S1A_30_v0.1,https://opera-pst-rs-pop1.s3.us-west-2.amazonaws.com/products/DSWx_S1/OPERA_L3_DSWx-S1_T11SLU_20231222T015051Z_20240502T055039Z_S1A_30_v0.1/OPERA_L3_DSWx-S1_T11SLU_20231222T015051Z_20240502T055039Z_S1A_30_v0.1_B01_WTR.tif,https://opera-pst-rs-pop1.s3.us-west-2.amazonaws.com/products/DSWx_S1/OPERA_L3_DSWx-S1_T11SLU_20231222T015051Z_20240502T055039Z_S1A_30_v0.1/OPERA_L3_DSWx-S1_T11SLU_20231222T015051Z_20240502T055039Z_S1A_30_v0.1_B03_CONF.tif
65,OPERA_L3_DSWx-S1_T11SLU_20240208T015049Z_20240502T055216Z_S1A_30_v0.1,https://opera-pst-rs-pop1.s3.us-west-2.amazonaws.com/products/DSWx_S1/OPERA_L3_DSWx-S1_T11SLU_20240208T015049Z_20240502T055216Z_S1A_30_v0.1/OPERA_L3_DSWx-S1_T11SLU_20240208T015049Z_20240502T055216Z_S1A_30_v0.1_B01_WTR.tif,https://opera-pst-rs-pop1.s3.us-west-2.amazonaws.com/products/DSWx_S1/OPERA_L3_DSWx-S1_T11SLU_20240208T015049Z_20240502T055216Z_S1A_30_v0.1/OPERA_L3_DSWx-S1_T11SLU_20240208T015049Z_20240502T055216Z_S1A_30_v0.1_B03_CONF.tif
66,OPERA_L3_DSWx-S1_T11SLU_20230905T015054Z_20240508T220544Z_S1A_30_v0.1,https://opera-pst-rs-pop1.s3.us-west-2.amazonaws.com/products/DSWx_S1/OPERA_L3_DSWx-S1_T11SLU_20230905T015054Z_20240508T220544Z_S1A_30_v0.1/OPERA_L3_DSWx-S1_T11SLU_20230905T015054Z_20240508T220544Z_S1A_30_v0.1_B01_WTR.tif,https://opera-pst-rs-pop1.s3.us-west-2.amazonaws.com/products/DSWx_S1/OPERA_L3_DSWx-S1_T11SLU_20230905T015054Z_20240508T220544Z_S1A_30_v0.1/OPERA_L3_DSWx-S1_T11SLU_20230905T015054Z_20240508T220544Z_S1A_30_v0.1_B03_CONF.tif
67,OPERA_L3_DSWx-S1_T11SLU_20230905T135242Z_20240508T220644Z_S1A_30_v0.1,https://opera-pst-rs-pop1.s3.us-west-2.amazonaws.com/products/DSWx_S1/OPERA_L3_DSWx-S1_T11SLU_20230905T135242Z_20240508T220644Z_S1A_30_v0.1/OPERA_L3_DSWx-S1_T11SLU_20230905T135242Z_20240508T220644Z_S1A_30_v0.1_B01_WTR.tif,https://opera-pst-rs-pop1.s3.us-west-2.amazonaws.com/products/DSWx_S1/OPERA_L3_DSWx-S1_T11SLU_20230905T135242Z_20240508T220644Z_S1A_30_v0.1/OPERA_L3_DSWx-S1_T11SLU_20230905T135242Z_20240508T220644Z_S1A_30_v0.1_B03_CONF.tif
68,OPERA_L3_DSWx-S1_T11SKU_20231109T015903Z_20240502T051544Z_S1A_30_v0.1,https://opera-pst-rs-pop1.s3.us-west-2.amazonaws.com/products/DSWx_S1/OPERA_L3_DSWx-S1_T11SKU_20231109T015903Z_20240502T051544Z_S1A_30_v0.1/OPERA_L3_DSWx-S1_T11SKU_20231109T015903Z_20240502T051544Z_S1A_30_v0.1_B01_WTR.tif,https://opera-pst-rs-pop1.s3.us-west-2.amazonaws.com/products/DSWx_S1/OPERA_L3_DSWx-S1_T11SKU_20231109T015903Z_20240502T051544Z_S1A_30_v0.1/OPERA_L3_DSWx-S1_T11SKU_20231109T015903Z_20240502T051544Z_S1A_30_v0.1_B03_CONF.tif
69,OPERA_L3_DSWx-S1_T11SKU_20230508T015103Z_20240502T055303Z_S1A_30_v0.1,https://opera-pst-rs-pop1.s3.us-west-2.amazonaws.com/products/DSWx_S1/OPERA_L3_DSWx-S1_T11SKU_20230508T015103Z_20240502T055303Z_S1A_30_v0.1/OPERA_L3_DSWx-S1_T11SKU_20230508T015103Z_20240502T055303Z_S1A_30_v0.1_B01_WTR.tif,https://opera-pst-rs-pop1.s3.us-west-2.amazonaws.com/products/DSWx_S1/OPERA_L3_DSWx-S1_T11SKU_20230508T015103Z_20240502T055303Z_S1A_30_v0.1/OPERA_L3_DSWx-S1_T11SKU_20230508T015103Z_20240502T055303Z_S1A_30_v0.1_B03_CONF.tif
70,OPERA_L3_DSWx-S1_T11SKU_20230812T135255Z_20240508T215801Z_S1A_30_v0.1,https://opera-pst-rs-pop1.s3.us-west-2.amazonaws.com/products/DSWx_S1/OPERA_L3_DSWx-S1_T11SKU_20230812T135255Z_20240508T215801Z_S1A_30_v0.1/OPERA_L3_DSWx-S1_T11SKU_20230812T135255Z_20240508T215801Z_S1A_30_v0.1_B01_WTR.tif,https://opera-pst-rs-pop1.s3.us-west-2.amazonaws.com/products/DSWx_S1/OPERA_L3_DSWx-S1_T11SKU_20230812T135255Z_20240508T215801Z_S1A_30_v0.1/OPERA_L3_DSWx-S1_T11SKU_20230812T135255Z_20240508T215801Z_S1A_30_v0.1_B03_CONF.tif
71,OPERA_L3_DSWx-S1_T11SKU_20230905T015107Z_20240508T222929Z_S1A_30_v0.1,https://opera-pst-rs-pop1.s3.us-west-2.amazonaws.com/products/DSWx_S1/OPERA_L3_DSWx-S1_T11SKU_20230905T015107Z_20240508T222929Z_S1A_30_v0.1/OPERA_L3_DSWx-S1_T11SKU_20230905T015107Z_20240508T222929Z_S1A_30_v0.1_B01_WTR.tif,https://opera-pst-rs-pop1.s3.us-west-2.amazonaws.com/products/DSWx_S1/OPERA_L3_DSWx-S1_T11SKU_20230905T015107Z_20240508T222929Z_S1A_30_v0.1/OPERA_L3_DSWx-S1_T11SKU_20230905T015107Z_20240508T222929Z_S1A_30_v0.1_B03_CONF.tif
72,OPERA_L3_DSWx-S1_T11SKU_20230905T135256Z_20240508T220746Z_S1A_30_v0.1,https://opera-pst-rs-pop1.s3.us-west-2.amazonaws.com/products/DSWx_S1/OPERA_L3_DSWx-S1_T11SKU_20230905T135256Z_20240508T220746Z_S1A_30_v0.1/OPERA_L3_DSWx-S1_T11SKU_20230905T135256Z_20240508T220746Z_S1A_30_v0.1_B01_WTR.tif,https://opera-pst-rs-pop1.s3.us-west-2.amazonaws.com/products/DSWx_S1/OPERA_L3_DSWx-S1_T11SKU_20230905T135256Z_20240508T220746Z_S1A_30_v0.1/OPERA_L3_DSWx-S1_T11SKU_20230905T135256Z_20240508T220746Z_S1A_30_v0.1_B03_CONF.tif
73,OPERA_L3_DSWx-S1_T11SKU_20231104T015110Z_20240509T175204Z_S1A_30_v0.1,https://opera-pst-rs-pop1.s3.us-west-2.amazonaws.com/products/DSWx_S1/OPERA_L3_DSWx-S1_T11SKU_20231104T015110Z_20240509T175204Z_S1A_30_v0.1/OPERA_L3_DSWx-S1_T11SKU_20231104T015110Z_20240509T175204Z_S1A_30_v0.1_B01_WTR.tif,https://opera-pst-rs-pop1.s3.us-west-2.amazonaws.com/products/DSWx_S1/OPERA_L3_DSWx-S1_T11SKU_20231104T015110Z_20240509T175204Z_S1A_30_v0.1/OPERA_L3_DSWx-S1_T11SKU_20231104T015110Z_20240509T175204Z_S1A_30_v0.1_B03_CONF.tif
74,OPERA_L3_DSWx-S1_T11SKU_20230817T015903Z_20240502T051041Z_S1A_30_v0.1,https://opera-pst-rs-pop1.s3.us-west-2.amazonaws.com/products/DSWx_S1/OPERA_L3_DSWx-S1_T11SKU_20230817T015903Z_20240502T051041Z_S1A_30_v0.1/OPERA_L3_DSWx-S1_T11SKU_20230817T015903Z_20240502T051041Z_S1A_30_v0.1_B01_WTR.tif,https://opera-pst-rs-pop1.s3.us-west-2.amazonaws.com/products/DSWx_S1/OPERA_L3_DSWx-S1_T11SKU_20230817T015903Z_20240502T051041Z_S1A_30_v0.1/OPERA_L3_DSWx-S1_T11SKU_20230817T015903Z_20240502T051041Z_S1A_30_v0.1_B03_CONF.tif
75,OPERA_L3_DSWx-S1_T11SKU_20231222T135255Z_20240508T234621Z_S1A_30_v0.1,https://opera-pst-rs-pop1.s3.us-west-2.amazonaws.com/products/DSWx_S1/OPERA_L3_DSWx-S1_T11SKU_20231222T135255Z_20240508T234621Z_S1A_30_v0.1/OPERA_L3_DSWx-S1_T11SKU_20231222T135255Z_20240508T234621Z_S1A_30_v0.1_B01_WTR.tif,https://opera-pst-rs-pop1.s3.us-west-2.amazonaws.com/products/DSWx_S1/OPERA_L3_DSWx-S1_T11SKU_20231222T135255Z_20240508T234621Z_S1A_30_v0.1/OPERA_L3_DSWx-S1_T11SKU_20231222T135255Z_20240508T234621Z_S1A_30_v0.1_B03_CONF.tif
76,OPERA_L3_DSWx-S1_T11SKU_20230817T015903Z_20240508T234836Z_S1A_30_v0.1,https://opera-pst-rs-pop1.s3.us-west-2.amazonaws.com/products/DSWx_S1/OPERA_L3_DSWx-S1_T11SKU_20230817T015903Z_20240508T234836Z_S1A_30_v0.1/OPERA_L3_DSWx-S1_T11SKU_20230817T015903Z_20240508T234836Z_S1A_30_v0.1_B01_WTR.tif,https://opera-pst-rs-pop1.s3.us-west-2.amazonaws.com/products/DSWx_S1/OPERA_L3_DSWx-S1_T11SKU_20230817T015903Z_20240508T234836Z_S1A_30_v0.1/OPERA_L3_DSWx-S1_T11SKU_20230817T015903Z_20240508T234836Z_S1A_30_v0.1_B03_CONF.tif
77,OPERA_L3_DSWx-S1_T11SKU_20240103T015107Z_20240509T000159Z_S1A_30_v0.1,https://opera-pst-rs-pop1.s3.us-west-2.amazonaws.com/products/DSWx_S1/OPERA_L3_DSWx-S1_T11SKU_20240103T015107Z_20240509T000159Z_S1A_30_v0.1/OPERA_L3_DSWx-S1_T11SKU_20240103T015107Z_20240509T000159Z_S1A_30_v0.1_B01_WTR.tif,https://opera-pst-rs-pop1.s3.us-west-2.amazonaws.com/products/DSWx_S1/OPERA_L3_DSWx-S1_T11SKU_20240103T015107Z_20240509T000159Z_S1A_30_v0.1/OPERA_L3_DSWx-S1_T11SKU_20240103T015107Z_20240509T000159Z_S1A_30_v0.1_B03_CONF.tif
78,OPERA_L3_DSWx-S1_T11SKU_20230905T015107Z_20240502T054953Z_S1A_30_v0.1,https://opera-pst-rs-pop1.s3.us-west-2.amazonaws.com/products/DSWx_S1/OPERA_L3_DSWx-S1_T11SKU_20230905T015107Z_20240502T054953Z_S1A_30_v0.1/OPERA_L3_DSWx-S1_T11SKU_20230905T015107Z_20240502T054953Z_S1A_30_v0.1_B01_WTR.tif,https://opera-pst-rs-pop1.s3.us-west-2.amazonaws.com/products/DSWx_S1/OPERA_L3_DSWx-S1_T11SKU_20230905T015107Z_20240502T054953Z_S1A_30_v0.1/OPERA_L3_DSWx-S1_T11SKU_20230905T015107Z_20240502T054953Z_S1A_30_v0.1_B03_CONF.tif
79,OPERA_L3_DSWx-S1_T11SKU_20230910T140054Z_20240508T232738Z_S1A_30_v0.1,https://opera-pst-rs-pop1.s3.us-west-2.amazonaws.com/products/DSWx_S1/OPERA_L3_DSWx-S1_T11SKU_20230910T140054Z_20240508T232738Z_S1A_30_v0.1/OPERA_L3_DSWx-S1_T11SKU_20230910T140054Z_20240508T232738Z_S1A_30_v0.1_B01_WTR.tif,https://opera-pst-rs-pop1.s3.us-west-2.amazonaws.com/products/DSWx_S1/OPERA_L3_DSWx-S1_T11SKU_20230910T140054Z_20240508T232738Z_S1A_30_v0.1/OPERA_L3_DSWx-S1_T11SKU_20230910T140054Z_20240508T232738Z_S1A_30_v0.1_B03_CONF.tif
80,OPERA_L3_DSWx-S1_T11SKU_20230508T135250Z_20240508T235751Z_S1A_30_v0.1,https://opera-pst-rs-pop1.s3.us-west-2.amazonaws.com/products/DSWx_S1/OPERA_L3_DSWx-S1_T11SKU_20230508T135250Z_20240508T235751Z_S1A_30_v0.1/OPERA_L3_DSWx-S1_T11SKU_20230508T135250Z_20240508T235751Z_S1A_30_v0.1_B01_WTR.tif,https://opera-pst-rs-pop1.s3.us-west-2.amazonaws.com/products/DSWx_S1/OPERA_L3_DSWx-S1_T11SKU_20230508T135250Z_20240508T235751Z_S1A_30_v0.1/OPERA_L3_DSWx-S1_T11SKU_20230508T135250Z_20240508T235751Z_S1A_30_v0.1_B03_CONF.tif
81,OPERA_L3_DSWx-S1_T11SKU_20240208T135253Z_20240509T000657Z_S1A_30_v0.1,https://opera-pst-rs-pop1.s3.us-west-2.amazonaws.com/products/DSWx_S1/OPERA_L3_DSWx-S1_T11SKU_20240208T135253Z_20240509T000657Z_S1A_30_v0.1/OPERA_L3_DSWx-S1_T11SKU_20240208T135253Z_20240509T000657Z_S1A_30_v0.1_B01_WTR.tif,https://opera-pst-rs-pop1.s3.us-west-2.amazonaws.com/products/DSWx_S1/OPERA_L3_DSWx-S1_T11SKU_20240208T135253Z_20240509T000657Z_S1A_30_v0.1/OPERA_L3_DSWx-S1_T11SKU_20240208T135253Z_20240509T000657Z_S1A_30_v0.1_B03_CONF.tif
82,OPERA_L3_DSWx-S1_T11SKU_20240103T135254Z_20240502T053527Z_S1A_30_v0.1,https://opera-pst-rs-pop1.s3.us-west-2.amazonaws.com/products/DSWx_S1/OPERA_L3_DSWx-S1_T11SKU_20240103T135254Z_20240502T053527Z_S1A_30_v0.1/OPERA_L3_DSWx-S1_T11SKU_20240103T135254Z_20240502T053527Z_S1A_30_v0.1_B01_WTR.tif,https://opera-pst-rs-pop1.s3.us-west-2.amazonaws.com/products/DSWx_S1/OPERA_L3_DSWx-S1_T11SKU_20240103T135254Z_20240502T053527Z_S1A_30_v0.1/OPERA_L3_DSWx-S1_T11SKU_20240103T135254Z_20240502T053527Z_S1A_30_v0.1_B03_CONF.tif
83,OPERA_L3_DSWx-S1_T11SKU_20231004T015904Z_20240502T051343Z_S1A_30_v0.1,https://opera-pst-rs-pop1.s3.us-west-2.amazonaws.com/products/DSWx_S1/OPERA_L3_DSWx-S1_T11SKU_20231004T015904Z_20240502T051343Z_S1A_30_v0.1/OPERA_L3_DSWx-S1_T11SKU_20231004T015904Z_20240502T051343Z_S1A_30_v0.1_B01_WTR.tif,https://opera-pst-rs-pop1.s3.us-west-2.amazonaws.com/products/DSWx_S1/OPERA_L3_DSWx-S1_T11SKU_20231004T015904Z_20240502T051343Z_S1A_30_v0.1/OPERA_L3_DSWx-S1_T11SKU_20231004T015904Z_20240502T051343Z_S1A_30_v0.1_B03_CONF.tif
84,OPERA_L3_DSWx-S1_T11SKU_20231109T140053Z_20240502T044602Z_S1A_30_v0.1,https://opera-pst-rs-pop1.s3.us-west-2.amazonaws.com/products/DSWx_S1/OPERA_L3_DSWx-S1_T11SKU_20231109T140053Z_20240502T044602Z_S1A_30_v0.1/OPERA_L3_DSWx-S1_T11SKU_20231109T140053Z_20240502T044602Z_S1A_30_v0.1_B01_WTR.tif,https://opera-pst-rs-pop1.s3.us-west-2.amazonaws.com/products/DSWx_S1/OPERA_L3_DSWx-S1_T11SKU_20231109T140053Z_20240502T044602Z_S1A_30_v0.1/OPERA_L3_DSWx-S1_T11SKU_20231109T140053Z_20240502T044602Z_S1A_30_v0.1_B03_CONF.tif
85,OPERA_L3_DSWx-S1_T11SKU_20230817T140052Z_20240502T044550Z_S1A_30_v0.1,https://opera-pst-rs-pop1.s3.us-west-2.amazonaws.com/products/DSWx_S1/OPERA_L3_DSWx-S1_T11SKU_20230817T140052Z_20240502T044550Z_S1A_30_v0.1/OPERA_L3_DSWx-S1_T11SKU_20230817T140052Z_20240502T044550Z_S1A_30_v0.1_B01_WTR.tif,https://opera-pst-rs-pop1.s3.us-west-2.amazonaws.com/products/DSWx_S1/OPERA_L3_DSWx-S1_T11SKU_20230817T140052Z_20240502T044550Z_S1A_30_v0.1/OPERA_L3_DSWx-S1_T11SKU_20230817T140052Z_20240502T044550Z_S1A_30_v0.1_B03_CONF.tif
86,OPERA_L3_DSWx-S1_T11SKU_20230812T135255Z_20240502T054819Z_S1A_30_v0.1,https://opera-pst-rs-pop1.s3.us-west-2.amazonaws.com/products/DSWx_S1/OPERA_L3_DSWx-S1_T11SKU_20230812T135255Z_20240502T054819Z_S1A_30_v0.1/OPERA_L3_DSWx-S1_T11SKU_20230812T135255Z_20240502T054819Z_S1A_30_v0.1_B01_WTR.tif,https://opera-pst-rs-pop1.s3.us-west-2.amazonaws.com/products/DSWx_S1/OPERA_L3_DSWx-S1_T11SKU_20230812T135255Z_20240502T054819Z_S1A_30_v0.1/OPERA_L3_DSWx-S1_T11SKU_20230812T135255Z_20240502T054819Z_S1A_30_v0.1_B03_CONF.tif
87,OPERA_L3_DSWx-S1_T11SKU_20231222T015108Z_20240502T055059Z_S1A_30_v0.1,https://opera-pst-rs-pop1.s3.us-west-2.amazonaws.com/products/DSWx_S1/OPERA_L3_DSWx-S1_T11SKU_20231222T015108Z_20240502T055059Z_S1A_30_v0.1/OPERA_L3_DSWx-S1_T11SKU_20231222T015108Z_20240502T055059Z_S1A_30_v0.1_B01_WTR.tif,https://opera-pst-rs-pop1.s3.us-west-2.amazonaws.com/products/DSWx_S1/OPERA_L3_DSWx-S1_T11SKU_20231222T015108Z_20240502T055059Z_S1A_30_v0.1/OPERA_L3_DSWx-S1_T11SKU_20231222T015108Z_20240502T055059Z_S1A_30_v0.1_B03_CONF.tif
88,OPERA_L3_DSWx-S1_T11SKU_20240208T015106Z_20240502T055127Z_S1A_30_v0.1,https://opera-pst-rs-pop1.s3.us-west-2.amazonaws.com/products/DSWx_S1/OPERA_L3_DSWx-S1_T11SKU_20240208T015106Z_20240502T055127Z_S1A_30_v0.1/OPERA_L3_DSWx-S1_T11SKU_20240208T015106Z_20240502T055127Z_S1A_30_v0.1_B01_WTR.tif,https://opera-pst-rs-pop1.s3.us-west-2.amazonaws.com/products/DSWx_S1/OPERA_L3_DSWx-S1_T11SKU_20240208T015106Z_20240502T055127Z_S1A_30_v0.1/OPERA_L3_DSWx-S1_T11SKU_20240208T015106Z_20240502T055127Z_S1A_30_v0.1_B03_CONF.tif
89,OPERA_L3_DSWx-S1_T11SKU_20230812T015108Z_20240502T055028Z_S1A_30_v0.1,https://opera-pst-rs-pop1.s3.us-west-2.amazonaws.com/products/DSWx_S1/OPERA_L3_DSWx-S1_T11SKU_20230812T015108Z_20240502T055028Z_S1A_30_v0.1/OPERA_L3_DSWx-S1_T11SKU_20230812T015108Z_20240502T055028Z_S1A_30_v0.1_B01_WTR.tif,https://opera-pst-rs-pop1.s3.us-west-2.amazonaws.com/products/DSWx_S1/OPERA_L3_DSWx-S1_T11SKU_20230812T015108Z_20240502T055028Z_S1A_30_v0.1/OPERA_L3_DSWx-S1_T11SKU_20230812T015108Z_20240502T055028Z_S1A_30_v0.1_B03_CONF.tif
90,OPERA_L3_DSWx-S1_T11SKU_20230508T135250Z_20240502T053339Z_S1A_30_v0.1,https://opera-pst-rs-pop1.s3.us-west-2.amazonaws.com/products/DSWx_S1/OPERA_L3_DSWx-S1_T11SKU_20230508T135250Z_20240502T053339Z_S1A_30_v0.1/OPERA_L3_DSWx-S1_T11SKU_20230508T135250Z_20240502T053339Z_S1A_30_v0.1_B01_WTR.tif,https://opera-pst-rs-pop1.s3.us-west-2.amazonaws.com/products/DSWx_S1/OPERA_L3_DSWx-S1_T11SKU_20230508T135250Z_20240502T053339Z_S1A_30_v0.1/OPERA_L3_DSWx-S1_T11SKU_20230508T135250Z_20240502T053339Z_S1A_30_v0.1_B03_CONF.tif
91,OPERA_L3_DSWx-S1_T11SKU_20230508T015103Z_20240508T232556Z_S1A_30_v0.1,https://opera-pst-rs-pop1.s3.us-west-2.amazonaws.com/products/DSWx_S1/OPERA_L3_DSWx-S1_T11SKU_20230508T015103Z_20240508T232556Z_S1A_30_v0.1/OPERA_L3_DSWx-S1_T11SKU_20230508T015103Z_20240508T232556Z_S1A_30_v0.1_B01_WTR.tif,https://opera-pst-rs-pop1.s3.us-west-2.amazonaws.com/products/DSWx_S1/OPERA_L3_DSWx-S1_T11SKU_20230508T015103Z_20240508T232556Z_S1A_30_v0.1/OPERA_L3_DSWx-S1_T11SKU_20230508T015103Z_20240508T232556Z_S1A_30_v0.1_B03_CONF.tif
92,OPERA_L3_DSWx-S1_T11SKU_20240103T135254Z_20240508T235917Z_S1A_30_v0.1,https://opera-pst-rs-pop1.s3.us-west-2.amazonaws.com/products/DSWx_S1/OPERA_L3_DSWx-S1_T11SKU_20240103T135254Z_20240508T235917Z_S1A_30_v0.1/OPERA_L3_DSWx-S1_T11SKU_20240103T135254Z_20240508T235917Z_S1A_30_v0.1_B01_WTR.tif,https://opera-pst-rs-pop1.s3.us-west-2.amazonaws.com/products/DSWx_S1/OPERA_L3_DSWx-S1_T11SKU_20240103T135254Z_20240508T235917Z_S1A_30_v0.1/OPERA_L3_DSWx-S1_T11SKU_20240103T135254Z_20240508T235917Z_S1A_30_v0.1_B03_CONF.tif
93,OPERA_L3_DSWx-S1_T11SKU_20230812T015108Z_20240508T222559Z_S1A_30_v0.1,https://opera-pst-rs-pop1.s3.us-west-2.amazonaws.com/products/DSWx_S1/OPERA_L3_DSWx-S1_T11SKU_20230812T015108Z_20240508T222559Z_S1A_30_v0.1/OPERA_L3_DSWx-S1_T11SKU_20230812T015108Z_20240508T222559Z_S1A_30_v0.1_B01_WTR.tif,https://opera-pst-rs-pop1.s3.us-west-2.amazonaws.com/products/DSWx_S1/OPERA_L3_DSWx-S1_T11SKU_20230812T015108Z_20240508T222559Z_S1A_30_v0.1/OPERA_L3_DSWx-S1_T11SKU_20230812T015108Z_20240508T222559Z_S1A_30_v0.1_B03_CONF.tif
94,OPERA_L3_DSWx-S1_T11SKU_20231004T140054Z_20240508T224610Z_S1A_30_v0.1,https://opera-pst-rs-pop1.s3.us-west-2.amazonaws.com/products/DSWx_S1/OPERA_L3_DSWx-S1_T11SKU_20231004T140054Z_20240508T224610Z_S1A_30_v0.1/OPERA_L3_DSWx-S1_T11SKU_20231004T140054Z_20240508T224610Z_S1A_30_v0.1_B01_WTR.tif,https://opera-pst-rs-pop1.s3.us-west-2.amazonaws.com/products/DSWx_S1/OPERA_L3_DSWx-S1_T11SKU_20231004T140054Z_20240508T224610Z_S1A_30_v0.1/OPERA_L3_DSWx-S1_T11SKU_20231004T140054Z_20240508T224610Z_S1A_30_v0.1_B03_CONF.tif
95,OPERA_L3_DSWx-S1_T11SKU_20231109T015903Z_20240508T235228Z_S1A_30_v0.1,https://opera-pst-rs-pop1.s3.us-west-2.amazonaws.com/products/DSWx_S1/OPERA_L3_DSWx-S1_T11SKU_20231109T015903Z_20240508T235228Z_S1A_30_v0.1/OPERA_L3_DSWx-S1_T11SKU_20231109T015903Z_20240508T235228Z_S1A_30_v0.1_B01_WTR.tif,https://opera-pst-rs-pop1.s3.us-west-2.amazonaws.com/products/DSWx_S1/OPERA_L3_DSWx-S1_T11SKU_20231109T015903Z_20240508T235228Z_S1A_30_v0.1/OPERA_L3_DSWx-S1_T11SKU_20231109T015903Z_20240508T235228Z_S1A_30_v0.1_B03_CONF.tif
96,OPERA_L3_DSWx-S1_T11SKU_20231004T140054Z_20240502T044543Z_S1A_30_v0.1,https://opera-pst-rs-pop1.s3.us-west-2.amazonaws.com/products/DSWx_S1/OPERA_L3_DSWx-S1_T11SKU_20231004T140054Z_20240502T044543Z_S1A_30_v0.1/OPERA_L3_DSWx-S1_T11SKU_20231004T140054Z_20240502T044543Z_S1A_30_v0.1_B01_WTR.tif,https://opera-pst-rs-pop1.s3.us-west-2.amazonaws.com/products/DSWx_S1/OPERA_L3_DSWx-S1_T11SKU_20231004T140054Z_20240502T044543Z_S1A_30_v0.1/OPERA_L3_DSWx-S1_T11SKU_20231004T140054Z_20240502T044543Z_S1A_30_v0.1_B03_CONF.tif
97,OPERA_L3_DSWx-S1_T11SKU_20230910T140054Z_20240502T044701Z_S1A_30_v0.1,https://opera-pst-rs-pop1.s3.us-west-2.amazonaws.com/products/DSWx_S1/OPERA_L3_DSWx-S1_T11SKU_20230910T140054Z_20240502T044701Z_S1A_30_v0.1/OPERA_L3_DSWx-S1_T11SKU_20230910T140054Z_20240502T044701Z_S1A_30_v0.1_B01_WTR.tif,https://opera-pst-rs-pop1.s3.us-west-2.amazonaws.com/products/DSWx_S1/OPERA_L3_DSWx-S1_T11SKU_20230910T140054Z_20240502T044701Z_S1A_30_v0.1/OPERA_L3_DSWx-S1_T11SKU_20230910T140054Z_20240502T044701Z_S1A_30_v0.1_B03_CONF.tif
98,OPERA_L3_DSWx-S1_T11SKU_20240103T015107Z_20240502T055541Z_S1A_30_v0.1,https://opera-pst-rs-pop1.s3.us-west-2.amazonaws.com/products/DSWx_S1/OPERA_L3_DSWx-S1_T11SKU_20240103T015107Z_20240502T055541Z_S1A_30_v0.1/OPERA_L3_DSWx-S1_T11SKU_20240103T015107Z_20240502T055541Z_S1A_30_v0.1_B01_WTR.tif,https://opera-pst-rs-pop1.s3.us-west-2.amazonaws.com/products/DSWx_S1/OPERA_L3_DSWx-S1_T11SKU_20240103T015107Z_20240502T055541Z_S1A_30_v0.1/OPERA_L3_DSWx-S1_T11SKU_20240103T015107Z_20240502T055541Z_S1A_30_v0.1_B03_CONF.tif
99,OPERA_L3_DSWx-S1_T11SKU_20240208T135253Z_20240502T054908Z_S1A_30_v0.1,https://opera-pst-rs-pop1.s3.us-west-2.amazonaws.com/products/DSWx_S1/OPERA_L3_DSWx-S1_T11SKU_20240208T135253Z_20240502T054908Z_S1A_30_v0.1/OPERA_L3_DSWx-S1_T11SKU_20240208T135253Z_20240502T054908Z_S1A_30_v0.1_B01_WTR.tif,https://opera-pst-rs-pop1.s3.us-west-2.amazonaws.com/products/DSWx_S1/OPERA_L3_DSWx-S1_T11SKU_20240208T135253Z_20240502T054908Z_S1A_30_v0.1/OPERA_L3_DSWx-S1_T11SKU_20240208T135253Z_20240502T054908Z_S1A_30_v0.1_B03_CONF.tif
100,OPERA_L3_DSWx-S1_T11SKU_20230910T015904Z_20240502T051220Z_S1A_30_v0.1,https://opera-pst-rs-pop1.s3.us-west-2.amazonaws.com/products/DSWx_S1/OPERA_L3_DSWx-S1_T11SKU_20230910T015904Z_20240502T051220Z_S1A_30_v0.1/OPERA_L3_DSWx-S1_T11SKU_20230910T015904Z_20240502T051220Z_S1A_30_v0.1_B01_WTR.tif,https://opera-pst-rs-pop1.s3.us-west-2.amazonaws.com/products/DSWx_S1/OPERA_L3_DSWx-S1_T11SKU_20230910T015904Z_20240502T051220Z_S1A_30_v0.1/OPERA_L3_DSWx-S1_T11SKU_20230910T015904Z_20240502T051220Z_S1A_30_v0.1_B03_CONF.tif
101,OPERA_L3_DSWx-S1_T11SKU_20230905T135256Z_20240502T052856Z_S1A_30_v0.1,https://opera-pst-rs-pop1.s3.us-west-2.amazonaws.com/products/DSWx_S1/OPERA_L3_DSWx-S1_T11SKU_20230905T135256Z_20240502T052856Z_S1A_30_v0.1/OPERA_L3_DSWx-S1_T11SKU_20230905T135256Z_20240502T052856Z_S1A_30_v0.1_B01_WTR.tif,https://opera-pst-rs-pop1.s3.us-west-2.amazonaws.com/products/DSWx_S1/OPERA_L3_DSWx-S1_T11SKU_20230905T135256Z_20240502T052856Z_S1A_30_v0.1/OPERA_L3_DSWx-S1_T11SKU_20230905T135256Z_20240502T052856Z_S1A_30_v0.1_B03_CONF.tif
102,OPERA_L3_DSWx-S1_T11SKU_20231222T135255Z_20240502T054107Z_S1A_30_v0.1,https://opera-pst-rs-pop1.s3.us-west-2.amazonaws.com/products/DSWx_S1/OPERA_L3_DSWx-S1_T11SKU_20231222T135255Z_20240502T054107Z_S1A_30_v0.1/OPERA_L3_DSWx-S1_T11SKU_20231222T135255Z_20240502T054107Z_S1A_30_v0.1_B01_WTR.tif,https://opera-pst-rs-pop1.s3.us-west-2.amazonaws.com/products/DSWx_S1/OPERA_L3_DSWx-S1_T11SKU_20231222T135255Z_20240502T054107Z_S1A_30_v0.1/OPERA_L3_DSWx-S1_T11SKU_20231222T135255Z_20240502T054107Z_S1A_30_v0.1_B03_CONF.tif
103,OPERA_L3_DSWx-S1_T11SKU_20231104T135257Z_20240502T053941Z_S1A_30_v0.1,https://opera-pst-rs-pop1.s3.us-west-2.amazonaws.com/products/DSWx_S1/OPERA_L3_DSWx-S1_T11SKU_20231104T135257Z_20240502T053941Z_S1A_30_v0.1/OPERA_L3_DSWx-S1_T11SKU_20231104T135257Z_20240502T053941Z_S1A_30_v0.1_B01_WTR.tif,https://opera-pst-rs-pop1.s3.us-west-2.amazonaws.com/products/DSWx_S1/OPERA_L3_DSWx-S1_T11SKU_20231104T135257Z_20240502T053941Z_S1A_30_v0.1/OPERA_L3_DSWx-S1_T11SKU_20231104T135257Z_20240502T053941Z_S1A_30_v0.1_B03_CONF.tif
104,OPERA_L3_DSWx-S1_T11SKU_20231104T015110Z_20240502T055804Z_S1A_30_v0.1,https://opera-pst-rs-pop1.s3.us-west-2.amazonaws.com/products/DSWx_S1/OPERA_L3_DSWx-S1_T11SKU_20231104T015110Z_20240502T055804Z_S1A_30_v0.1/OPERA_L3_DSWx-S1_T11SKU_20231104T015110Z_20240502T055804Z_S1A_30_v0.1_B01_WTR.tif,https://opera-pst-rs-pop1.s3.us-west-2.amazonaws.com/products/DSWx_S1/OPERA_L3_DSWx-S1_T11SKU_20231104T015110Z_20240502T055804Z_S1A_30_v0.1/OPERA_L3_DSWx-S1_T11SKU_20231104T015110Z_20240502T055804Z_S1A_30_v0.1_B03_CONF.tif
105,OPERA_L3_DSWx-S1_T11SKU_20231109T140053Z_20240508T224651Z_S1A_30_v0.1,https://opera-pst-rs-pop1.s3.us-west-2.amazonaws.com/products/DSWx_S1/OPERA_L3_DSWx-S1_T11SKU_20231109T140053Z_20240508T224651Z_S1A_30_v0.1/OPERA_L3_DSWx-S1_T11SKU_20231109T140053Z_20240508T224651Z_S1A_30_v0.1_B01_WTR.tif,https://opera-pst-rs-pop1.s3.us-west-2.amazonaws.com/products/DSWx_S1/OPERA_L3_DSWx-S1_T11SKU_20231109T140053Z_20240508T224651Z_S1A_30_v0.1/OPERA_L3_DSWx-S1_T11SKU_20231109T140053Z_20240508T224651Z_S1A_30_v0.1_B03_CONF.tif
106,OPERA_L3_DSWx-S1_T11SKU_20231004T015904Z_20240508T230726Z_S1A_30_v0.1,https://opera-pst-rs-pop1.s3.us-west-2.amazonaws.com/products/DSWx_S1/OPERA_L3_DSWx-S1_T11SKU_20231004T015904Z_20240508T230726Z_S1A_30_v0.1/OPERA_L3_DSWx-S1_T11SKU_20231004T015904Z_20240508T230726Z_S1A_30_v0.1_B01_WTR.tif,https://opera-pst-rs-pop1.s3.us-west-2.amazonaws.com/products/DSWx_S1/OPERA_L3_DSWx-S1_T11SKU_20231004T015904Z_20240508T230726Z_S1A_30_v0.1/OPERA_L3_DSWx-S1_T11SKU_20231004T015904Z_20240508T230726Z_S1A_30_v0.1_B03_CONF.tif
107,OPERA_L3_DSWx-S1_T11SKU_20231104T135257Z_20240508T232347Z_S1A_30_v0.1,https://opera-pst-rs-pop1.s3.us-west-2.amazonaws.com/products/DSWx_S1/OPERA_L3_DSWx-S1_T11SKU_20231104T135257Z_20240508T232347Z_S1A_30_v0.1/OPERA_L3_DSWx-S1_T11SKU_20231104T135257Z_20240508T232347Z_S1A_30_v0.1_B01_WTR.tif,https://opera-pst-rs-pop1.s3.us-west-2.amazonaws.com/products/DSWx_S1/OPERA_L3_DSWx-S1_T11SKU_20231104T135257Z_20240508T232347Z_S1A_30_v0.1/OPERA_L3_DSWx-S1_T11SKU_20231104T135257Z_20240508T232347Z_S1A_30_v0.1_B03_CONF.tif
108,OPERA_L3_DSWx-S1_T11SKU_20230817T140052Z_20240508T232749Z_S1A_30_v0.1,https://opera-pst-rs-pop1.s3.us-west-2.amazonaws.com/products/DSWx_S1/OPERA_L3_DSWx-S1_T11SKU_20230817T140052Z_20240508T232749Z_S1A_30_v0.1/OPERA_L3_DSWx-S1_T11SKU_20230817T140052Z_20240508T232749Z_S1A_30_v0.1_B01_WTR.tif,https://opera-pst-rs-pop1.s3.us-west-2.amazonaws.com/products/DSWx_S1/OPERA_L3_DSWx-S1_T11SKU_20230817T140052Z_20240508T232749Z_S1A_30_v0.1/OPERA_L3_DSWx-S1_T11SKU_20230817T140052Z_20240508T232749Z_S1A_30_v0.1_B03_CONF.tif
109,OPERA_L3_DSWx-S1_T11SKU_20240208T015106Z_20240508T234632Z_S1A_30_v0.1,https://opera-pst-rs-pop1.s3.us-west-2.amazonaws.com/products/DSWx_S1/OPERA_L3_DSWx-S1_T11SKU_20240208T015106Z_20240508T234632Z_S1A_30_v0.1/OPERA_L3_DSWx-S1_T11SKU_20240208T015106Z_20240508T234632Z_S1A_30_v0.1_B01_WTR.tif,https://opera-pst-rs-pop1.s3.us-west-2.amazonaws.com/products/DSWx_S1/OPERA_L3_DSWx-S1_T11SKU_20240208T015106Z_20240508T234632Z_S1A_30_v0.1/OPERA_L3_DSWx-S1_T11SKU_20240208T015106Z_20240508T234632Z_S1A_30_v0.1_B03_CONF.tif
110,OPERA_L3_DSWx-S1_T06WVS_20230615T032120Z_20240502T041915Z_S1A_30_v0.1,https://opera-pst-rs-pop1.s3.us-west-2.amazonaws.com/products/DSWx_S1/OPERA_L3_DSWx-S1_T06WVS_20230615T032120Z_20240502T041915Z_S1A_30_v0.1/OPERA_L3_DSWx-S1_T06WVS_20230615T032120Z_20240502T041915Z_S1A_30_v0.1_B01_WTR.tif,https://opera-pst-rs-pop1.s3.us-west-2.amazonaws.com/products/DSWx_S1/OPERA_L3_DSWx-S1_T06WVS_20230615T032120Z_20240502T041915Z_S1A_30_v0.1/OPERA_L3_DSWx-S1_T06WVS_20230615T032120Z_20240502T041915Z_S1A_30_v0.1_B03_CONF.tif
111,OPERA_L3_DSWx-S1_T06WVS_20230709T032122Z_20240509T001310Z_S1A_30_v0.1,https://opera-pst-rs-pop1.s3.us-west-2.amazonaws.com/products/DSWx_S1/OPERA_L3_DSWx-S1_T06WVS_20230709T032122Z_20240509T001310Z_S1A_30_v0.1/OPERA_L3_DSWx-S1_T06WVS_20230709T032122Z_20240509T001310Z_S1A_30_v0.1_B01_WTR.tif,https://opera-pst-rs-pop1.s3.us-west-2.amazonaws.com/products/DSWx_S1/OPERA_L3_DSWx-S1_T06WVS_20230709T032122Z_20240509T001310Z_S1A_30_v0.1/OPERA_L3_DSWx-S1_T06WVS_20230709T032122Z_20240509T001310Z_S1A_30_v0.1_B03_CONF.tif
112,OPERA_L3_DSWx-S1_T06WVS_20231003T162857Z_20240502T045514Z_S1A_30_v0.1,https://opera-pst-rs-pop1.s3.us-west-2.amazonaws.com/products/DSWx_S1/OPERA_L3_DSWx-S1_T06WVS_20231003T162857Z_20240502T045514Z_S1A_30_v0.1/OPERA_L3_DSWx-S1_T06WVS_20231003T162857Z_20240502T045514Z_S1A_30_v0.1_B01_WTR.tif,https://opera-pst-rs-pop1.s3.us-west-2.amazonaws.com/products/DSWx_S1/OPERA_L3_DSWx-S1_T06WVS_20231003T162857Z_20240502T045514Z_S1A_30_v0.1/OPERA_L3_DSWx-S1_T06WVS_20231003T162857Z_20240502T045514Z_S1A_30_v0.1_B03_CONF.tif
113,OPERA_L3_DSWx-S1_T06WVS_20230830T161233Z_20240509T000331Z_S1A_30_v0.1,https://opera-pst-rs-pop1.s3.us-west-2.amazonaws.com/products/DSWx_S1/OPERA_L3_DSWx-S1_T06WVS_20230830T161233Z_20240509T000331Z_S1A_30_v0.1/OPERA_L3_DSWx-S1_T06WVS_20230830T161233Z_20240509T000331Z_S1A_30_v0.1_B01_WTR.tif,https://opera-pst-rs-pop1.s3.us-west-2.amazonaws.com/products/DSWx_S1/OPERA_L3_DSWx-S1_T06WVS_20230830T161233Z_20240509T000331Z_S1A_30_v0.1/OPERA_L3_DSWx-S1_T06WVS_20230830T161233Z_20240509T000331Z_S1A_30_v0.1_B03_CONF.tif
114,OPERA_L3_DSWx-S1_T06WVS_20230615T032120Z_20240508T222515Z_S1A_30_v0.1,https://opera-pst-rs-pop1.s3.us-west-2.amazonaws.com/products/DSWx_S1/OPERA_L3_DSWx-S1_T06WVS_20230615T032120Z_20240508T222515Z_S1A_30_v0.1/OPERA_L3_DSWx-S1_T06WVS_20230615T032120Z_20240508T222515Z_S1A_30_v0.1_B01_WTR.tif,https://opera-pst-rs-pop1.s3.us-west-2.amazonaws.com/products/DSWx_S1/OPERA_L3_DSWx-S1_T06WVS_20230615T032120Z_20240508T222515Z_S1A_30_v0.1/OPERA_L3_DSWx-S1_T06WVS_20230615T032120Z_20240508T222515Z_S1A_30_v0.1_B03_CONF.tif
115,OPERA_L3_DSWx-S1_T06WVS_20230709T032122Z_20240502T041937Z_S1A_30_v0.1,https://opera-pst-rs-pop1.s3.us-west-2.amazonaws.com/products/DSWx_S1/OPERA_L3_DSWx-S1_T06WVS_20230709T032122Z_20240502T041937Z_S1A_30_v0.1/OPERA_L3_DSWx-S1_T06WVS_20230709T032122Z_20240502T041937Z_S1A_30_v0.1_B01_WTR.tif,https://opera-pst-rs-pop1.s3.us-west-2.amazonaws.com/products/DSWx_S1/OPERA_L3_DSWx-S1_T06WVS_20230709T032122Z_20240502T041937Z_S1A_30_v0.1/OPERA_L3_DSWx-S1_T06WVS_20230709T032122Z_20240502T041937Z_S1A_30_v0.1_B03_CONF.tif
116,OPERA_L3_DSWx-S1_T06WVS_20230510T032118Z_20240508T235716Z_S1A_30_v0.1,https://opera-pst-rs-pop1.s3.us-west-2.amazonaws.com/products/DSWx_S1/OPERA_L3_DSWx-S1_T06WVS_20230510T032118Z_20240508T235716Z_S1A_30_v0.1/OPERA_L3_DSWx-S1_T06WVS_20230510T032118Z_20240508T235716Z_S1A_30_v0.1_B01_WTR.tif,https://opera-pst-rs-pop1.s3.us-west-2.amazonaws.com/products/DSWx_S1/OPERA_L3_DSWx-S1_T06WVS_20230510T032118Z_20240508T235716Z_S1A_30_v0.1/OPERA_L3_DSWx-S1_T06WVS_20230510T032118Z_20240508T235716Z_S1A_30_v0.1_B03_CONF.tif
117,OPERA_L3_DSWx-S1_T06WVS_20231003T162857Z_20240508T231330Z_S1A_30_v0.1,https://opera-pst-rs-pop1.s3.us-west-2.amazonaws.com/products/DSWx_S1/OPERA_L3_DSWx-S1_T06WVS_20231003T162857Z_20240508T231330Z_S1A_30_v0.1/OPERA_L3_DSWx-S1_T06WVS_20231003T162857Z_20240508T231330Z_S1A_30_v0.1_B01_WTR.tif,https://opera-pst-rs-pop1.s3.us-west-2.amazonaws.com/products/DSWx_S1/OPERA_L3_DSWx-S1_T06WVS_20231003T162857Z_20240508T231330Z_S1A_30_v0.1/OPERA_L3_DSWx-S1_T06WVS_20231003T162857Z_20240508T231330Z_S1A_30_v0.1_B03_CONF.tif
118,OPERA_L3_DSWx-S1_T06WVS_20230830T161233Z_20240502T043959Z_S1A_30_v0.1,https://opera-pst-rs-pop1.s3.us-west-2.amazonaws.com/products/DSWx_S1/OPERA_L3_DSWx-S1_T06WVS_20230830T161233Z_20240502T043959Z_S1A_30_v0.1/OPERA_L3_DSWx-S1_T06WVS_20230830T161233Z_20240502T043959Z_S1A_30_v0.1_B01_WTR.tif,https://opera-pst-rs-pop1.s3.us-west-2.amazonaws.com/products/DSWx_S1/OPERA_L3_DSWx-S1_T06WVS_20230830T161233Z_20240502T043959Z_S1A_30_v0.1/OPERA_L3_DSWx-S1_T06WVS_20230830T161233Z_20240502T043959Z_S1A_30_v0.1_B03_CONF.tif
119,OPERA_L3_DSWx-S1_T06WVS_20230510T032118Z_20240502T042352Z_S1A_30_v0.1,https://opera-pst-rs-pop1.s3.us-west-2.amazonaws.com/products/DSWx_S1/OPERA_L3_DSWx-S1_T06WVS_20230510T032118Z_20240502T042352Z_S1A_30_v0.1/OPERA_L3_DSWx-S1_T06WVS_20230510T032118Z_20240502T042352Z_S1A_30_v0.1_B01_WTR.tif,https://opera-pst-rs-pop1.s3.us-west-2.amazonaws.com/products/DSWx_S1/OPERA_L3_DSWx-S1_T06WVS_20230510T032118Z_20240502T042352Z_S1A_30_v0.1/OPERA_L3_DSWx-S1_T06WVS_20230510T032118Z_20240502T042352Z_S1A_30_v0.1_B03_CONF.tif
120,OPERA_L3_DSWx-S1_T06WVS_20230830T161233Z_20240509T024534Z_S1A_30_v0.1,https://opera-pst-rs-pop1.s3.us-west-2.amazonaws.com/products/DSWx_S1/OPERA_L3_DSWx-S1_T06WVS_20230830T161233Z_20240509T024534Z_S1A_30_v0.1/OPERA_L3_DSWx-S1_T06WVS_20230830T161233Z_20240509T024534Z_S1A_30_v0.1_B01_WTR.tif,https://opera-pst-rs-pop1.s3.us-west-2.amazonaws.com/products/DSWx_S1/OPERA_L3_DSWx-S1_T06WVS_20230830T161233Z_20240509T024534Z_S1A_30_v0.1/OPERA_L3_DSWx-S1_T06WVS_20230830T161233Z_20240509T024534Z_S1A_30_v0.1_B03_CONF.tif
121,OPERA_L3_DSWx-S1_T18MWV_20231205T103755Z_20240509T001942Z_S1A_30_v0.1,https://opera-pst-rs-pop1.s3.us-west-2.amazonaws.com/products/DSWx_S1/OPERA_L3_DSWx-S1_T18MWV_20231205T103755Z_20240509T001942Z_S1A_30_v0.1/OPERA_L3_DSWx-S1_T18MWV_20231205T103755Z_20240509T001942Z_S1A_30_v0.1_B01_WTR.tif,https://opera-pst-rs-pop1.s3.us-west-2.amazonaws.com/products/DSWx_S1/OPERA_L3_DSWx-S1_T18MWV_20231205T103755Z_20240509T001942Z_S1A_30_v0.1/OPERA_L3_DSWx-S1_T18MWV_20231205T103755Z_20240509T001942Z_S1A_30_v0.1_B03_CONF.tif
122,OPERA_L3_DSWx-S1_T18MWV_20231006T103756Z_20240502T012857Z_S1A_30_v0.1,https://opera-pst-rs-pop1.s3.us-west-2.amazonaws.com/products/DSWx_S1/OPERA_L3_DSWx-S1_T18MWV_20231006T103756Z_20240502T012857Z_S1A_30_v0.1/OPERA_L3_DSWx-S1_T18MWV_20231006T103756Z_20240502T012857Z_S1A_30_v0.1_B01_WTR.tif,https://opera-pst-rs-pop1.s3.us-west-2.amazonaws.com/products/DSWx_S1/OPERA_L3_DSWx-S1_T18MWV_20231006T103756Z_20240502T012857Z_S1A_30_v0.1/OPERA_L3_DSWx-S1_T18MWV_20231006T103756Z_20240502T012857Z_S1A_30_v0.1_B03_CONF.tif
123,OPERA_L3_DSWx-S1_T18MWV_20240215T103752Z_20240508T233138Z_S1A_30_v0.1,https://opera-pst-rs-pop1.s3.us-west-2.amazonaws.com/products/DSWx_S1/OPERA_L3_DSWx-S1_T18MWV_20240215T103752Z_20240508T233138Z_S1A_30_v0.1/OPERA_L3_DSWx-S1_T18MWV_20240215T103752Z_20240508T233138Z_S1A_30_v0.1_B01_WTR.tif,https://opera-pst-rs-pop1.s3.us-west-2.amazonaws.com/products/DSWx_S1/OPERA_L3_DSWx-S1_T18MWV_20240215T103752Z_20240508T233138Z_S1A_30_v0.1/OPERA_L3_DSWx-S1_T18MWV_20240215T103752Z_20240508T233138Z_S1A_30_v0.1_B03_CONF.tif
124,OPERA_L3_DSWx-S1_T18MWV_20230831T103755Z_20240508T233203Z_S1A_30_v0.1,https://opera-pst-rs-pop1.s3.us-west-2.amazonaws.com/products/DSWx_S1/OPERA_L3_DSWx-S1_T18MWV_20230831T103755Z_20240508T233203Z_S1A_30_v0.1/OPERA_L3_DSWx-S1_T18MWV_20230831T103755Z_20240508T233203Z_S1A_30_v0.1_B01_WTR.tif,https://opera-pst-rs-pop1.s3.us-west-2.amazonaws.com/products/DSWx_S1/OPERA_L3_DSWx-S1_T18MWV_20230831T103755Z_20240508T233203Z_S1A_30_v0.1/OPERA_L3_DSWx-S1_T18MWV_20230831T103755Z_20240508T233203Z_S1A_30_v0.1_B03_CONF.tif
125,OPERA_L3_DSWx-S1_T18MWV_20231006T103756Z_20240508T225858Z_S1A_30_v0.1,https://opera-pst-rs-pop1.s3.us-west-2.amazonaws.com/products/DSWx_S1/OPERA_L3_DSWx-S1_T18MWV_20231006T103756Z_20240508T225858Z_S1A_30_v0.1/OPERA_L3_DSWx-S1_T18MWV_20231006T103756Z_20240508T225858Z_S1A_30_v0.1_B01_WTR.tif,https://opera-pst-rs-pop1.s3.us-west-2.amazonaws.com/products/DSWx_S1/OPERA_L3_DSWx-S1_T18MWV_20231006T103756Z_20240508T225858Z_S1A_30_v0.1/OPERA_L3_DSWx-S1_T18MWV_20231006T103756Z_20240508T225858Z_S1A_30_v0.1_B03_CONF.tif
126,OPERA_L3_DSWx-S1_T18MWV_20240215T103752Z_20240501T235234Z_S1A_30_v0.1,https://opera-pst-rs-pop1.s3.us-west-2.amazonaws.com/products/DSWx_S1/OPERA_L3_DSWx-S1_T18MWV_20240215T103752Z_20240501T235234Z_S1A_30_v0.1/OPERA_L3_DSWx-S1_T18MWV_20240215T103752Z_20240501T235234Z_S1A_30_v0.1_B01_WTR.tif,https://opera-pst-rs-pop1.s3.us-west-2.amazonaws.com/products/DSWx_S1/OPERA_L3_DSWx-S1_T18MWV_20240215T103752Z_20240501T235234Z_S1A_30_v0.1/OPERA_L3_DSWx-S1_T18MWV_20240215T103752Z_20240501T235234Z_S1A_30_v0.1_B03_CONF.tif
127,OPERA_L3_DSWx-S1_T18MWV_20230912T103756Z_20240508T231459Z_S1A_30_v0.1,https://opera-pst-rs-pop1.s3.us-west-2.amazonaws.com/products/DSWx_S1/OPERA_L3_DSWx-S1_T18MWV_20230912T103756Z_20240508T231459Z_S1A_30_v0.1/OPERA_L3_DSWx-S1_T18MWV_20230912T103756Z_20240508T231459Z_S1A_30_v0.1_B01_WTR.tif,https://opera-pst-rs-pop1.s3.us-west-2.amazonaws.com/products/DSWx_S1/OPERA_L3_DSWx-S1_T18MWV_20230912T103756Z_20240508T231459Z_S1A_30_v0.1/OPERA_L3_DSWx-S1_T18MWV_20230912T103756Z_20240508T231459Z_S1A_30_v0.1_B03_CONF.tif
128,OPERA_L3_DSWx-S1_T18MWV_20240322T103752Z_20240502T012921Z_S1A_30_v0.1,https://opera-pst-rs-pop1.s3.us-west-2.amazonaws.com/products/DSWx_S1/OPERA_L3_DSWx-S1_T18MWV_20240322T103752Z_20240502T012921Z_S1A_30_v0.1/OPERA_L3_DSWx-S1_T18MWV_20240322T103752Z_20240502T012921Z_S1A_30_v0.1_B01_WTR.tif,https://opera-pst-rs-pop1.s3.us-west-2.amazonaws.com/products/DSWx_S1/OPERA_L3_DSWx-S1_T18MWV_20240322T103752Z_20240502T012921Z_S1A_30_v0.1/OPERA_L3_DSWx-S1_T18MWV_20240322T103752Z_20240502T012921Z_S1A_30_v0.1_B03_CONF.tif
129,OPERA_L3_DSWx-S1_T18MWV_20230912T103756Z_20240502T014218Z_S1A_30_v0.1,https://opera-pst-rs-pop1.s3.us-west-2.amazonaws.com/products/DSWx_S1/OPERA_L3_DSWx-S1_T18MWV_20230912T103756Z_20240502T014218Z_S1A_30_v0.1/OPERA_L3_DSWx-S1_T18MWV_20230912T103756Z_20240502T014218Z_S1A_30_v0.1_B01_WTR.tif,https://opera-pst-rs-pop1.s3.us-west-2.amazonaws.com/products/DSWx_S1/OPERA_L3_DSWx-S1_T18MWV_20230912T103756Z_20240502T014218Z_S1A_30_v0.1/OPERA_L3_DSWx-S1_T18MWV_20230912T103756Z_20240502T014218Z_S1A_30_v0.1_B03_CONF.tif
130,OPERA_L3_DSWx-S1_T18MWV_20240122T103753Z_20240509T023621Z_S1A_30_v0.1,https://opera-pst-rs-pop1.s3.us-west-2.amazonaws.com/products/DSWx_S1/OPERA_L3_DSWx-S1_T18MWV_20240122T103753Z_20240509T023621Z_S1A_30_v0.1/OPERA_L3_DSWx-S1_T18MWV_20240122T103753Z_20240509T023621Z_S1A_30_v0.1_B01_WTR.tif,https://opera-pst-rs-pop1.s3.us-west-2.amazonaws.com/products/DSWx_S1/OPERA_L3_DSWx-S1_T18MWV_20240122T103753Z_20240509T023621Z_S1A_30_v0.1/OPERA_L3_DSWx-S1_T18MWV_20240122T103753Z_20240509T023621Z_S1A_30_v0.1_B03_CONF.tif
131,OPERA_L3_DSWx-S1_T18MWV_20231205T103755Z_20240502T015929Z_S1A_30_v0.1,https://opera-pst-rs-pop1.s3.us-west-2.amazonaws.com/products/DSWx_S1/OPERA_L3_DSWx-S1_T18MWV_20231205T103755Z_20240502T015929Z_S1A_30_v0.1/OPERA_L3_DSWx-S1_T18MWV_20231205T103755Z_20240502T015929Z_S1A_30_v0.1_B01_WTR.tif,https://opera-pst-rs-pop1.s3.us-west-2.amazonaws.com/products/DSWx_S1/OPERA_L3_DSWx-S1_T18MWV_20231205T103755Z_20240502T015929Z_S1A_30_v0.1/OPERA_L3_DSWx-S1_T18MWV_20231205T103755Z_20240502T015929Z_S1A_30_v0.1_B03_CONF.tif
132,OPERA_L3_DSWx-S1_T18MWV_20240122T103753Z_20240502T000101Z_S1A_30_v0.1,https://opera-pst-rs-pop1.s3.us-west-2.amazonaws.com/products/DSWx_S1/OPERA_L3_DSWx-S1_T18MWV_20240122T103753Z_20240502T000101Z_S1A_30_v0.1/OPERA_L3_DSWx-S1_T18MWV_20240122T103753Z_20240502T000101Z_S1A_30_v0.1_B01_WTR.tif,https://opera-pst-rs-pop1.s3.us-west-2.amazonaws.com/products/DSWx_S1/OPERA_L3_DSWx-S1_T18MWV_20240122T103753Z_20240502T000101Z_S1A_30_v0.1/OPERA_L3_DSWx-S1_T18MWV_20240122T103753Z_20240502T000101Z_S1A_30_v0.1_B03_CONF.tif
133,OPERA_L3_DSWx-S1_T18MWV_20230831T103755Z_20240501T235511Z_S1A_30_v0.1,https://opera-pst-rs-pop1.s3.us-west-2.amazonaws.com/products/DSWx_S1/OPERA_L3_DSWx-S1_T18MWV_20230831T103755Z_20240501T235511Z_S1A_30_v0.1/OPERA_L3_DSWx-S1_T18MWV_20230831T103755Z_20240501T235511Z_S1A_30_v0.1_B01_WTR.tif,https://opera-pst-rs-pop1.s3.us-west-2.amazonaws.com/products/DSWx_S1/OPERA_L3_DSWx-S1_T18MWV_20230831T103755Z_20240501T235511Z_S1A_30_v0.1/OPERA_L3_DSWx-S1_T18MWV_20230831T103755Z_20240501T235511Z_S1A_30_v0.1_B03_CONF.tif
134,OPERA_L3_DSWx-S1_T18MWV_20240322T103752Z_20240508T230245Z_S1A_30_v0.1,https://opera-pst-rs-pop1.s3.us-west-2.amazonaws.com/products/DSWx_S1/OPERA_L3_DSWx-S1_T18MWV_20240322T103752Z_20240508T230245Z_S1A_30_v0.1/OPERA_L3_DSWx-S1_T18MWV_20240322T103752Z_20240508T230245Z_S1A_30_v0.1_B01_WTR.tif,https://opera-pst-rs-pop1.s3.us-west-2.amazonaws.com/products/DSWx_S1/OPERA_L3_DSWx-S1_T18MWV_20240322T103752Z_20240508T230245Z_S1A_30_v0.1/OPERA_L3_DSWx-S1_T18MWV_20240322T103752Z_20240508T230245Z_S1A_30_v0.1_B03_CONF.tif
